id,category_id,gender,min_age,max_age
307,65,female,0,1
186,82,female,25,34
5071,69,female,35,44
5054,410,female,35,44
5047,411,female,65,
5031,69,female,35,44
4998,408,female,25,34
5000,411,female,55,64
4985,408,female,25,34
4955,408,female,25,34
4953,410,female,5,10
4767,411,female,55,64
4729,411,female,65,
4639,411,female,65,
4595,408,female,35,44
4596,411,female,45,54
4597,69,female,18,24
4897,408,female,25,34
4544,411,female,55,64
4507,69,female,0,1
4490,411,female,45,54
4483,408,female,25,34
4486,409,female,25,34
4475,63,female,35,44
4456,63,female,25,34
4442,408,female,0,1
4443,408,female,35,44
4446,408,female,35,44
4450,411,female,45,54
4451,69,female,25,34
4452,69,female,18,24
4464,411,female,45,54
4393,409,female,25,34
4285,411,female,55,64
4382,408,female,18,24
4518,408,female,5,10
4521,411,female,55,64
4547,411,female,55,64
4957,63,female,25,34
4243,410,female,18,24
3875,411,female,55,64
3675,408,female,25,34
3461,410,female,11,17
3458,410,female,25,34
3460,410,female,25,34
3419,408,female,45,54
3385,408,female,25,34
3321,408,female,18,24
3315,408,female,18,24
3254,408,female,18,24
3252,408,female,18,24
3223,408,female,35,44
3183,69,female,35,44
3018,408,female,35,44
3010,409,female,18,24
2485,408,female,45,54
2442,69,female,25,34
2443,69,female,35,44
2431,408,female,35,44
2361,408,female,25,34
2334,408,female,25,34
2335,408,female,25,34
2339,408,female,25,34
2159,412,female,65,
2125,408,female,35,44
2126,408,female,35,44
2007,411,female,55,64
1879,411,female,55,64
1820,83,female,55,64
1818,411,female,65,
2008,69,female,11,17
1792,408,female,25,34
1793,83,female,55,64
1777,69,female,25,34
1764,69,female,25,34
1848,83,female,55,64
1849,83,female,55,64
1850,83,female,55,64
1851,83,female,55,64
1755,409,female,35,44
1767,411,female,65,
1769,83,female,55,64
4876,410,female,25,34
4877,410,female,25,34
1725,409,female,45,54
1726,409,female,45,54
1718,411,female,55,64
1685,69,female,55,64
1675,409,female,25,34
1638,410,female,18,24
1573,411,female,65,
1688,409,female,35,44
1541,69,female,35,44
1515,63,female,55,64
1511,69,female,25,34
1512,409,female,25,34
1473,63,female,25,34
1443,83,female,35,44
1447,412,female,65,
1344,411,female,55,64
1324,409,female,35,44
1435,83,female,1,4
1231,83,female,1,4
1229,409,female,35,44
1212,409,female,55,64
1349,63,female,18,24
1107,411,female,65,
1087,409,female,0,1
1099,410,female,0,1
1100,409,female,25,34
1060,410,female,18,24
1061,408,female,35,44
1062,409,female,45,54
1063,408,female,35,44
1059,69,female,35,44
1058,69,female,35,44
1044,410,female,5,10
1073,411,female,65,
1498,63,female,25,34
1009,410,female,35,44
989,411,female,55,64
968,408,female,45,54
966,408,female,45,54
961,412,female,65,
929,411,female,55,64
911,411,female,55,64
844,411,female,65,
845,412,female,65,
841,409,female,35,44
840,409,female,18,24
866,411,female,45,54
1575,411,female,45,54
815,411,female,55,64
799,411,female,55,64
798,409,female,25,34
763,409,female,25,34
747,411,female,55,64
2390,408,female,55,64
1160,63,female,18,24
1161,63,female,18,24
666,83,female,25,34
661,70,female,18,24
604,63,female,45,54
576,74,female,55,64
574,69,female,25,34
567,74,female,45,54
566,74,female,65,
559,78,female,18,24
563,78,female,18,24
564,74,female,45,54
648,69,female,18,24
4539,409,female,18,24
536,82,female,25,34
521,74,female,45,54
522,74,female,45,54
597,69,female,25,34
484,65,female,25,34
470,70,female,25,34
1367,409,female,25,34
1561,409,female,25,34
448,78,female,25,34
439,74,female,45,54
440,74,female,45,54
431,68,female,25,34
426,70,female,25,34
1643,409,female,11,17
421,69,female,25,34
425,64,female,35,44
591,69,female,25,34
592,69,female,25,34
638,78,female,18,24
1379,409,female,25,34
391,69,female,25,34
393,69,female,25,34
356,79,female,25,34
433,74,female,55,64
1579,411,female,65,
1613,411,female,65,
323,79,female,25,34
278,75,female,65,
269,74,female,45,54
257,77,female,11,17
219,82,female,35,44
255,74,female,55,64
259,59,female,45,54
235,68,female,25,34
384,74,female,55,64
568,74,female,65,
627,69,female,25,34
222,69,female,18,24
223,69,female,18,24
241,83,female,18,24
449,69,female,18,24
205,82,female,25,34
185,78,female,18,24
188,64,female,18,24
153,83,female,35,44
127,70,female,18,24
113,82,female,25,34
108,82,female,25,34
112,69,female,25,34
234,75,female,55,64
240,69,female,25,34
2352,69,female,25,34
4375,411,female,65,
101,78,female,25,34
239,74,female,55,64
261,78,female,18,24
98,79,female,35,44
145,75,female,55,64
589,77,female,1,4
90,82,female,25,34
87,79,female,35,44
146,74,female,65,
81,82,female,25,34
2411,410,female,5,10
2412,408,female,25,34
4195,409,female,35,44
4371,83,female,35,44
684,410,female,25,34
688,409,female,18,24
690,69,female,35,44
691,408,female,25,34
692,69,female,25,34
693,410,female,25,34
697,408,female,18,24
699,69,female,35,44
700,69,female,25,34
701,412,female,55,64
703,411,female,45,54
706,408,female,25,34
707,409,female,25,34
710,69,female,25,34
712,412,female,65,
713,412,female,65,
714,409,female,35,44
718,409,female,25,34
719,409,female,25,34
721,69,female,35,44
722,411,female,65,
727,69,female,25,34
728,409,female,25,34
730,83,female,1,4
731,83,female,1,4
732,83,female,1,4
733,83,female,1,4
734,83,female,1,4
736,409,female,35,44
737,83,female,45,54
738,411,female,55,64
739,411,female,55,64
743,69,female,25,34
745,408,female,25,34
746,411,female,55,64
768,63,female,35,44
755,410,female,25,34
756,408,female,18,24
758,411,female,45,54
759,411,female,65,
762,411,female,65,
764,408,female,45,54
769,69,female,25,34
771,69,female,55,64
776,412,female,55,64
777,408,female,18,24
781,69,female,0,1
783,408,female,35,44
784,408,female,55,64
787,69,female,35,44
788,69,female,25,34
789,409,female,25,34
790,409,female,35,44
791,69,female,25,34
794,410,female,11,17
795,411,female,65,
796,408,female,45,54
801,411,female,65,
803,408,female,25,34
813,408,female,35,44
814,409,female,25,34
817,69,female,35,44
821,411,female,55,64
826,408,female,45,54
828,410,female,0,1
829,410,female,1,4
831,410,female,0,1
834,409,female,35,44
836,411,female,55,64
838,411,female,45,54
839,409,female,35,44
842,63,female,35,44
853,69,female,25,34
843,411,female,65,
859,410,female,5,10
860,412,female,65,
863,411,female,55,64
864,411,female,65,
867,69,female,25,34
870,411,female,55,64
871,411,female,55,64
882,69,female,45,54
875,63,female,25,34
889,409,female,25,34
885,411,female,65,
890,411,female,65,
881,69,female,35,44
892,409,female,35,44
897,69,female,45,54
899,409,female,35,44
900,63,female,25,34
901,63,female,25,34
903,69,female,35,44
904,409,female,35,44
907,410,female,5,10
912,69,female,45,54
914,411,female,55,64
916,69,female,5,10
917,408,female,25,34
919,410,female,18,24
921,411,female,55,64
923,410,female,5,10
924,410,female,5,10
927,410,female,1,4
930,411,female,65,
931,411,female,65,
932,83,female,35,44
934,411,female,55,64
935,411,female,55,64
936,411,female,55,64
945,411,female,55,64
947,410,female,5,10
958,69,female,11,17
950,63,female,35,44
951,63,female,45,54
967,411,female,55,64
963,409,female,35,44
969,69,female,25,34
973,409,female,35,44
974,411,female,65,
975,411,female,65,
976,411,female,65,
977,410,female,11,17
979,409,female,25,34
980,409,female,25,34
984,410,female,0,1
982,69,female,25,34
983,410,female,0,1
986,408,female,25,34
990,63,female,35,44
994,411,female,65,
995,408,female,45,54
998,411,female,65,
999,69,female,0,1
1001,410,female,25,34
1004,69,female,25,34
1050,69,female,25,34
1008,408,female,25,34
1012,411,female,65,
1015,410,female,5,10
1016,411,female,65,
1019,412,female,65,
1020,408,female,25,34
1021,409,female,25,34
1051,409,female,25,34
1029,409,female,25,34
1034,411,female,55,64
1035,411,female,25,34
1036,409,female,25,34
1052,411,female,65,
1039,411,female,55,64
1040,69,female,25,34
1041,411,female,65,
1042,411,female,55,64
1047,408,female,18,24
1054,409,female,25,34
1055,411,female,55,64
1056,69,female,25,34
1064,408,female,35,44
1066,408,female,25,34
1067,69,female,25,34
1068,409,female,25,34
1069,409,female,25,34
1070,409,female,25,34
1072,69,female,35,44
1081,411,female,55,64
1082,411,female,45,54
1084,69,female,25,34
1089,408,female,35,44
1092,409,female,25,34
1096,411,female,65,
1097,69,female,18,24
1098,408,female,25,34
1103,69,female,45,54
1104,63,female,25,34
1155,411,female,65,
1113,411,female,65,
1114,408,female,25,34
1119,409,female,25,34
1120,408,female,35,44
1122,408,female,25,34
1123,408,female,35,44
1127,408,female,35,44
1129,69,female,25,34
1133,408,female,25,34
1136,69,female,35,44
1138,69,female,35,44
1141,69,female,35,44
1143,69,female,35,44
1150,408,female,35,44
1151,411,female,55,64
1152,409,female,25,34
1157,63,female,25,34
1158,69,female,35,44
1159,411,female,45,54
1162,63,female,18,24
1190,69,female,35,44
1165,411,female,55,64
1167,410,female,1,4
1169,69,female,25,34
1170,69,female,25,34
1171,69,female,25,34
1179,408,female,35,44
1189,408,female,25,34
1196,69,female,25,34
1174,411,female,45,54
1194,69,female,35,44
1176,409,female,35,44
1187,408,female,25,34
1188,408,female,25,34
1198,69,female,25,34
1259,409,female,35,44
1201,69,female,25,34
1202,69,female,25,34
1203,69,female,18,24
1204,69,female,25,34
1261,410,female,11,17
1207,410,female,35,44
1209,411,female,25,34
1213,411,female,65,
1214,69,female,35,44
1215,410,female,5,10
1217,411,female,65,
1218,83,female,5,10
1220,69,female,25,34
1221,69,female,25,34
1224,411,female,55,64
1226,411,female,65,
1264,410,female,11,17
1230,410,female,25,34
1232,69,female,35,44
1234,408,female,35,44
1238,69,female,18,24
1266,412,female,65,
1240,83,female,25,34
1241,410,female,11,17
1243,411,female,55,64
1245,408,female,25,34
1246,408,female,25,34
1248,412,female,65,
1249,412,female,65,
1250,412,female,65,
1251,412,female,65,
1254,83,female,25,34
1255,83,female,25,34
1256,83,female,25,34
1257,408,female,35,44
1258,409,female,35,44
1267,409,female,55,64
1274,408,female,45,54
1277,69,female,35,44
1283,408,female,35,44
1284,410,female,11,17
1285,408,female,25,34
1286,83,female,11,17
1288,410,female,11,17
1290,409,female,25,34
1287,69,female,45,54
1289,411,female,55,64
1300,411,female,35,44
1291,408,female,45,54
1293,410,female,11,17
1294,410,female,18,24
1298,410,female,18,24
1299,410,female,18,24
1302,83,female,11,17
1303,83,female,5,10
1304,411,female,45,54
1308,409,female,25,34
1309,69,female,0,1
1311,83,female,25,34
1312,409,female,25,34
1314,409,female,25,34
1315,63,female,25,34
1316,409,female,18,24
1363,69,female,25,34
1325,69,female,35,44
1326,69,female,35,44
1328,408,female,35,44
1329,408,female,35,44
1364,411,female,65,
1332,69,female,18,24
1338,408,female,45,54
1341,411,female,55,64
1342,409,female,35,44
1343,409,female,35,44
1346,83,female,25,34
1355,408,female,25,34
1356,408,female,25,34
1357,408,female,18,24
1358,69,female,35,44
1360,408,female,35,44
1361,410,female,5,10
1368,411,female,55,64
1376,410,female,11,17
1384,410,female,11,17
1386,409,female,35,44
1387,409,female,35,44
1389,83,female,35,44
1390,69,female,25,34
1392,83,female,45,54
1393,69,female,45,54
1394,69,female,45,54
1402,411,female,65,
1405,69,female,25,34
1406,411,female,45,54
1407,408,female,45,54
1411,408,female,25,34
1415,410,female,1,4
1420,411,female,55,64
1430,83,female,65,
1431,69,female,25,34
1432,69,female,25,34
1433,411,female,45,54
1440,63,female,18,24
1451,408,female,25,34
1453,408,female,35,44
1454,411,female,55,64
1455,69,female,35,44
1456,412,female,65,
1460,69,female,18,24
1464,409,female,35,44
1465,408,female,35,44
1466,409,female,25,34
1467,410,female,5,10
1471,411,female,55,64
1472,411,female,55,64
1480,411,female,65,
1484,411,female,55,64
1485,83,female,65,
1488,408,female,25,34
1490,409,female,35,44
1491,408,female,25,34
1492,408,female,25,34
1493,408,female,18,24
1497,410,female,1,4
1501,411,female,55,64
1502,69,female,18,24
1504,411,female,55,64
1506,411,female,45,54
1510,63,female,25,34
1542,412,female,35,44
1513,409,female,35,44
1514,412,female,45,54
1517,69,female,18,24
1518,408,female,45,54
1520,63,female,25,34
1522,63,female,35,44
1523,63,female,45,54
1524,69,female,25,34
1526,408,female,35,44
1527,69,female,18,24
1528,83,female,11,17
1529,409,female,35,44
1531,69,female,35,44
1534,408,female,35,44
1535,408,female,35,44
1536,408,female,25,34
1545,69,female,35,44
1546,408,female,65,
1549,410,female,18,24
1551,410,female,18,24
1553,409,female,55,64
1554,63,female,18,24
1556,63,female,25,34
1557,410,female,18,24
1558,69,female,25,34
1559,69,female,25,34
1562,410,female,18,24
1566,83,female,45,54
1567,63,female,18,24
1570,409,female,45,54
1571,410,female,25,34
1574,410,female,35,44
1576,83,female,5,10
1578,411,female,65,
1582,408,female,25,34
1583,411,female,65,
1584,409,female,25,34
1585,408,female,35,44
1586,410,female,11,17
1590,411,female,65,
1594,412,female,11,17
1595,69,female,25,34
1596,411,female,65,
1598,411,female,55,64
1600,69,female,25,34
1642,69,female,0,1
1603,69,female,45,54
1604,410,female,11,17
1606,408,female,25,34
1608,411,female,65,
1611,69,female,25,34
1612,411,female,55,64
1614,411,female,55,64
1617,69,female,18,24
1620,410,female,5,10
1622,411,female,55,64
1623,69,female,18,24
1624,410,female,25,34
1625,410,female,18,24
1627,410,female,18,24
1628,408,female,25,34
1629,411,female,55,64
1631,408,female,45,54
1633,69,female,25,34
1634,69,female,25,34
1635,63,female,25,34
1640,412,female,35,44
1646,69,female,65,
1649,408,female,25,34
1653,408,female,25,34
1654,411,female,45,54
1657,409,female,25,34
1659,409,female,35,44
1662,63,female,35,44
1663,408,female,25,34
1664,408,female,25,34
1665,408,female,25,34
1666,83,female,45,54
1667,69,female,45,54
1669,410,female,11,17
1670,83,female,55,64
1671,410,female,25,34
1672,411,female,55,64
1673,69,female,1,4
1722,411,female,65,
1679,69,female,25,34
1680,408,female,25,34
1681,411,female,65,
1686,69,female,35,44
1689,69,female,35,44
1690,411,female,55,64
1692,410,female,11,17
1693,408,female,18,24
1696,409,female,25,34
1697,83,female,65,
1698,409,female,35,44
1700,409,female,25,34
1701,409,female,35,44
1703,409,female,25,34
1705,410,female,18,24
1708,410,female,11,17
1711,409,female,25,34
1712,408,female,55,64
1713,411,female,45,54
1717,410,female,25,34
1729,411,female,55,64
1730,411,female,55,64
1733,411,female,55,64
1736,408,female,45,54
1737,69,female,35,44
1738,69,female,25,34
1739,411,female,65,
1741,408,female,25,34
1750,69,female,25,34
1756,411,female,65,
1743,408,female,18,24
1748,408,female,18,24
1745,69,female,35,44
1752,409,female,25,34
1753,409,female,25,34
1754,409,female,25,34
1758,69,female,45,54
1759,408,female,45,54
1761,83,female,45,54
1762,83,female,45,54
1770,69,female,25,34
1776,411,female,55,64
1781,408,female,18,24
1782,408,female,18,24
1783,408,female,25,34
1788,409,female,25,34
1797,411,female,55,64
1798,409,female,25,34
1799,411,female,55,64
1805,409,female,25,34
1807,411,female,45,54
1808,69,female,35,44
1809,409,female,25,34
1810,409,female,35,44
1811,409,female,25,34
1813,408,female,25,34
1815,408,female,25,34
1816,83,female,45,54
1828,408,female,35,44
1819,63,female,35,44
1822,411,female,65,
1823,408,female,18,24
1830,83,female,35,44
1825,408,female,25,34
1827,408,female,25,34
1832,83,female,35,44
1833,408,female,25,34
1834,63,female,18,24
1835,63,female,25,34
1837,63,female,18,24
1839,408,female,25,34
1840,408,female,35,44
1841,408,female,35,44
1842,408,female,35,44
1844,409,female,25,34
1845,408,female,45,54
1846,69,female,18,24
1854,408,female,25,34
1858,411,female,45,54
1860,409,female,25,34
1861,409,female,35,44
1862,409,female,35,44
1863,409,female,35,44
1864,69,female,45,54
1865,69,female,45,54
1866,63,female,18,24
1867,63,female,25,34
1868,63,female,25,34
1873,410,female,5,10
1874,410,female,11,17
1875,409,female,25,34
1876,409,female,25,34
1877,409,female,18,24
1882,83,female,18,24
1883,69,female,45,54
1885,408,female,35,44
1887,69,female,18,24
1888,69,female,35,44
1890,408,female,25,34
1898,411,female,45,54
1899,69,female,45,54
1901,409,female,11,17
1902,411,female,65,
1904,410,female,11,17
1908,410,female,11,17
1909,408,female,25,34
1910,411,female,55,64
1916,408,female,55,64
1920,69,female,18,24
1922,410,female,25,34
1923,410,female,11,17
1926,63,female,45,54
1927,69,female,45,54
1932,409,female,55,64
1933,69,female,25,34
1934,410,female,1,4
1937,69,female,55,64
1938,69,female,55,64
1955,69,female,45,54
1962,409,female,25,34
1953,409,female,25,34
1959,411,female,55,64
1960,411,female,55,64
1945,63,female,45,54
1948,408,female,45,54
1943,411,female,65,
1946,83,female,18,24
1949,83,female,65,
1958,408,female,25,34
1966,69,female,25,34
1969,409,female,45,54
1972,408,female,25,34
1973,409,female,18,24
1974,408,female,25,34
1975,409,female,45,54
1983,69,female,25,34
1984,408,female,25,34
2027,409,female,25,34
1986,408,female,25,34
1994,409,female,18,24
1997,69,female,25,34
1998,410,female,25,34
2004,409,female,35,44
2029,411,female,55,64
2030,408,female,25,34
2011,69,female,35,44
2015,69,female,45,54
2018,408,female,45,54
2019,410,female,5,10
2020,411,female,55,64
2021,410,female,5,10
2023,410,female,11,17
2024,69,female,65,
2025,69,female,25,34
2031,408,female,25,34
2035,409,female,45,54
2036,409,female,35,44
2037,409,female,35,44
2040,408,female,25,34
2041,83,female,1,4
2042,408,female,55,64
2045,69,female,35,44
2046,69,female,18,24
2047,410,female,11,17
2048,408,female,25,34
2055,409,female,35,44
2056,411,female,55,64
2064,408,female,35,44
2063,411,female,65,
2069,408,female,25,34
2068,410,female,1,4
2071,410,female,25,34
2073,411,female,18,24
2078,408,female,25,34
2089,69,female,18,24
2090,411,female,65,
2101,411,female,65,
2135,408,female,25,34
2105,410,female,25,34
2106,83,female,18,24
2108,408,female,35,44
2111,63,female,35,44
2115,83,female,55,64
2127,69,female,45,54
2128,412,female,35,44
2129,411,female,55,64
2136,411,female,55,64
2137,408,female,25,34
2139,63,female,25,34
2141,83,female,25,34
2143,69,female,45,54
2144,411,female,55,64
2145,408,female,25,34
2151,69,female,45,54
2152,83,female,25,34
2162,69,female,45,54
2163,411,female,55,64
2165,408,female,25,34
2166,411,female,55,64
2167,408,female,25,34
2168,408,female,25,34
2169,408,female,35,44
2179,69,female,55,64
2183,411,female,45,54
2184,412,female,65,
2185,412,female,65,
2192,69,female,25,34
2194,409,female,45,54
2229,408,female,35,44
2198,410,female,18,24
2203,411,female,55,64
2204,409,female,25,34
2210,69,female,45,54
2211,69,female,45,54
2214,408,female,35,44
2215,83,female,65,
2218,69,female,25,34
2224,408,female,45,54
2226,410,female,11,17
2230,69,female,45,54
2231,410,female,25,34
2235,410,female,1,4
2240,408,female,25,34
2245,63,female,25,34
2247,69,female,55,64
2250,408,female,45,54
2263,63,female,35,44
2264,411,female,65,
2266,69,female,35,44
2267,408,female,25,34
2268,411,female,55,64
2270,408,female,25,34
2274,69,female,18,24
2275,408,female,18,24
2277,63,female,18,24
2280,408,female,25,34
2283,408,female,45,54
2284,409,female,0,1
2285,408,female,25,34
2286,408,female,25,34
2289,408,female,25,34
2291,411,female,55,64
2292,69,female,18,24
2293,408,female,55,64
2294,69,female,25,34
2295,69,female,25,34
2296,408,female,25,34
2298,69,female,18,24
2299,408,female,25,34
2300,411,female,55,64
2301,408,female,25,34
2304,69,female,25,34
2306,408,female,35,44
2308,408,female,25,34
2310,408,female,25,34
2311,408,female,35,44
2312,69,female,25,34
2314,411,female,45,54
2315,408,female,18,24
2316,408,female,25,34
2318,408,female,25,34
2320,410,female,18,24
2321,69,female,35,44
2322,408,female,25,34
2324,69,female,18,24
2325,409,female,18,24
2326,409,female,25,34
2329,410,female,11,17
2332,69,female,35,44
2336,63,female,25,34
2337,409,female,25,34
2338,69,female,45,54
2340,408,female,25,34
2342,408,female,35,44
2343,408,female,25,34
2344,408,female,25,34
2348,409,female,18,24
2345,408,female,25,34
2346,408,female,25,34
2347,408,female,25,34
2349,408,female,1,4
2350,408,female,25,34
2351,63,female,25,34
2353,63,female,35,44
2354,408,female,25,34
2356,408,female,25,34
2357,69,female,25,34
2359,408,female,25,34
2415,411,female,65,
2363,69,female,18,24
2417,408,female,25,34
2372,409,female,35,44
2373,69,female,25,34
2374,408,female,25,34
2376,408,female,25,34
2377,408,female,35,44
2379,69,female,35,44
2381,69,female,18,24
2382,408,female,35,44
2387,408,female,25,34
2391,408,female,25,34
2392,69,female,25,34
2394,412,female,65,
2395,69,female,25,34
2397,69,female,25,34
2398,69,female,25,34
2399,69,female,25,34
2400,69,female,25,34
2403,69,female,25,34
2405,408,female,25,34
2406,69,female,18,24
2413,411,female,55,64
2419,408,female,25,34
2421,408,female,25,34
2422,411,female,55,64
2423,411,female,55,64
2424,408,female,25,34
2425,69,female,25,34
2426,408,female,25,34
2427,408,female,25,34
2428,408,female,25,34
2429,69,female,25,34
2432,408,female,25,34
2434,411,female,55,64
2439,69,female,25,34
2440,69,female,35,44
2444,408,female,55,64
2449,408,female,25,34
2450,410,female,25,34
2451,408,female,25,34
2452,408,female,25,34
2453,410,female,18,24
2456,410,female,1,4
2457,408,female,25,34
2460,408,female,25,34
2461,410,female,25,34
2462,408,female,25,34
2463,409,female,25,34
2469,408,female,35,44
2475,408,female,35,44
2478,69,female,25,34
2488,408,female,45,54
2490,63,female,35,44
2493,63,female,55,64
2495,63,female,55,64
2496,63,female,35,44
2498,408,female,55,64
2499,63,female,45,54
2500,408,female,45,54
2501,63,female,35,44
2516,63,female,18,24
2536,408,female,25,34
2549,409,female,18,24
2620,411,female,65,
2644,408,female,55,64
2628,411,female,65,
2652,408,female,35,44
2658,408,female,35,44
2674,408,female,35,44
2677,408,female,35,44
2687,408,female,35,44
2697,63,female,18,24
2698,63,female,18,24
2707,408,female,55,64
2721,408,female,35,44
2738,408,female,55,64
2742,69,female,55,64
2734,408,female,18,24
2768,408,female,35,44
2770,408,female,18,24
2777,410,female,5,10
2782,408,female,35,44
2783,408,female,45,54
2788,69,female,18,24
2790,408,female,45,54
2794,411,female,65,
2797,69,female,25,34
2799,408,female,25,34
2801,69,female,25,34
2804,408,female,25,34
2805,408,female,18,24
2810,408,female,25,34
2813,408,female,35,44
2814,69,female,25,34
2815,408,female,35,44
2818,408,female,35,44
2819,408,female,35,44
2820,408,female,25,34
2822,408,female,25,34
2828,408,female,25,34
2834,69,female,25,34
2836,63,female,25,34
2837,63,female,25,34
2842,411,female,55,64
2853,408,female,35,44
2858,83,female,35,44
2877,408,female,45,54
2888,408,female,45,54
2854,408,female,25,34
2866,408,female,25,34
2872,408,female,25,34
2885,408,female,35,44
2901,412,female,65,
2905,408,female,35,44
2906,408,female,35,44
2846,408,female,65,
2859,83,female,35,44
2873,69,female,45,54
2887,410,female,25,34
2902,408,female,35,44
2884,408,female,45,54
2891,408,female,55,64
2893,410,female,18,24
2894,408,female,35,44
2904,408,female,35,44
2907,69,female,35,44
2914,408,female,35,44
2915,408,female,45,54
2917,408,female,18,24
2883,69,female,25,34
2899,69,female,25,34
2912,408,female,25,34
2920,408,female,35,44
2921,83,female,1,4
2925,408,female,55,64
2926,69,female,25,34
2927,408,female,35,44
2929,408,female,25,34
2930,408,female,45,54
2931,408,female,35,44
2932,408,female,35,44
2935,408,female,35,44
2936,408,female,65,
2937,408,female,35,44
2941,69,female,1,4
2942,69,female,25,34
2946,408,female,45,54
2947,408,female,18,24
2948,408,female,25,34
2949,408,female,25,34
2952,63,female,25,34
2953,408,female,35,44
2954,408,female,35,44
2956,408,female,45,54
2957,408,female,45,54
2959,410,female,35,44
2960,410,female,35,44
2967,408,female,18,24
2969,408,female,25,34
2970,408,female,45,54
2972,408,female,55,64
2973,408,female,45,54
2974,408,female,45,54
2975,410,female,45,54
2976,408,female,55,64
2982,408,female,18,24
2984,408,female,45,54
2985,408,female,45,54
2986,408,female,25,34
2987,408,female,55,64
2989,408,female,25,34
2990,408,female,35,44
2991,408,female,45,54
2993,408,female,35,44
2996,410,female,25,34
3002,408,female,45,54
3003,408,female,25,34
3012,408,female,35,44
3013,408,female,45,54
3015,408,female,45,54
3019,408,female,25,34
3021,408,female,45,54
3022,408,female,18,24
3027,408,female,35,44
3030,408,female,25,34
3034,408,female,45,54
3039,408,female,18,24
3042,69,female,25,34
3043,408,female,35,44
3044,408,female,35,44
3045,408,female,45,54
3046,69,female,35,44
3047,408,female,25,34
3048,408,female,35,44
3049,408,female,35,44
3050,408,female,35,44
3051,408,female,35,44
3052,408,female,35,44
3053,408,female,55,64
3055,408,female,18,24
3056,69,female,45,54
3058,408,female,45,54
3059,408,female,35,44
3060,408,female,35,44
3062,408,female,35,44
3063,408,female,18,24
3064,408,female,18,24
3065,408,female,35,44
3067,410,female,0,1
3068,408,female,25,34
3074,408,female,45,54
3076,408,female,55,64
3077,408,female,35,44
3079,408,female,55,64
3080,408,female,18,24
3081,408,female,18,24
3083,408,female,18,24
3085,408,female,25,34
3087,408,female,25,34
3089,411,female,65,
3091,408,female,45,54
3094,408,female,25,34
3095,408,female,18,24
3100,408,female,45,54
3104,410,female,35,44
3108,408,female,18,24
3111,408,female,18,24
3112,408,female,25,34
3113,409,female,18,24
3114,408,female,25,34
3115,408,female,45,54
3116,408,female,35,44
3117,408,female,25,34
3118,408,female,45,54
3119,408,female,18,24
3120,408,female,18,24
3122,408,female,25,34
3123,408,female,25,34
3124,408,female,35,44
3127,408,female,35,44
3128,408,female,45,54
3129,83,female,65,
3137,408,female,45,54
3138,408,female,25,34
3139,408,female,65,
3140,408,female,65,
3143,408,female,25,34
3144,408,female,25,34
3145,408,female,25,34
3148,69,female,18,24
3155,408,female,45,54
3157,408,female,45,54
3159,408,female,45,54
3160,408,female,18,24
3162,408,female,25,34
3163,408,female,35,44
3165,408,female,18,24
3167,408,female,11,17
3171,411,female,55,64
3172,411,female,55,64
3173,408,female,25,34
3175,411,female,18,24
3178,408,female,18,24
3179,408,female,35,44
3180,408,female,25,34
3182,408,female,45,54
3185,408,female,25,34
3186,69,female,35,44
3187,408,female,35,44
3189,408,female,18,24
3203,408,female,35,44
3205,408,female,45,54
3197,408,female,25,34
3193,408,female,45,54
3201,408,female,35,44
3208,408,female,25,34
3209,69,female,25,34
3202,408,female,35,44
3210,408,female,35,44
3207,408,female,65,
3214,411,female,55,64
3215,408,female,35,44
3216,408,female,45,54
3220,408,female,25,34
3221,408,female,35,44
3222,408,female,35,44
3224,408,female,25,34
3225,408,female,18,24
3226,408,female,18,24
3228,83,female,35,44
3230,408,female,35,44
3231,408,female,35,44
3235,408,female,55,64
3236,69,female,25,34
3237,408,female,45,54
3240,408,female,45,54
3242,408,female,35,44
3246,408,female,25,34
3249,408,female,25,34
3253,408,female,35,44
3255,408,female,25,34
3256,408,female,25,34
3257,63,female,45,54
3259,408,female,45,54
3261,410,female,11,17
3262,408,female,25,34
3263,411,female,18,24
3265,83,female,25,34
3267,408,female,25,34
3270,408,female,35,44
3272,408,female,25,34
3273,408,female,35,44
3274,408,female,55,64
3275,408,female,55,64
3277,69,female,25,34
3278,408,female,25,34
3283,408,female,25,34
3289,408,female,18,24
3290,408,female,35,44
3291,408,female,35,44
3293,408,female,25,34
3295,408,female,25,34
3296,408,female,25,34
3299,411,female,55,64
3300,69,female,25,34
3301,69,female,25,34
3302,408,female,25,34
3303,408,female,25,34
3307,69,female,25,34
3312,408,female,25,34
3314,408,female,18,24
3319,408,female,35,44
3324,408,female,25,34
3327,408,female,35,44
3304,69,female,18,24
3305,408,female,35,44
3306,408,female,25,34
3310,408,female,18,24
3317,408,female,25,34
3320,408,female,25,34
3326,408,female,25,34
3329,408,female,25,34
3328,408,female,18,24
3331,408,female,35,44
3334,408,female,45,54
3335,408,female,25,34
3336,408,female,45,54
3338,408,female,25,34
3342,408,female,35,44
3343,408,female,25,34
3344,69,female,25,34
3346,408,female,25,34
3347,408,female,35,44
3348,408,female,25,34
3350,408,female,45,54
3353,408,female,18,24
3354,408,female,45,54
3355,408,female,25,34
3356,408,female,25,34
3358,408,female,35,44
3360,408,female,18,24
3369,408,female,18,24
3372,408,female,25,34
3373,83,female,18,24
3374,83,female,18,24
3376,69,female,35,44
3377,408,female,35,44
3380,69,female,25,34
3381,408,female,55,64
3383,408,female,18,24
3384,408,female,18,24
3386,69,female,25,34
3387,411,female,55,64
3390,408,female,18,24
3392,69,female,45,54
3393,69,female,45,54
3394,408,female,18,24
3397,410,female,18,24
3398,69,female,25,34
3399,408,female,35,44
3400,69,female,35,44
3401,408,female,35,44
3402,408,female,35,44
3403,408,female,35,44
3405,408,female,55,64
3406,408,female,35,44
3407,408,female,25,34
3409,408,female,18,24
3410,408,female,35,44
3415,408,female,35,44
3416,408,female,18,24
3425,408,female,35,44
3426,408,female,45,54
3422,408,female,45,54
3423,408,female,25,34
3434,408,female,55,64
3418,408,female,25,34
3420,408,female,35,44
3421,408,female,18,24
3433,408,female,35,44
3427,408,female,45,54
3429,408,female,25,34
3432,408,female,18,24
3436,408,female,25,34
3437,408,female,55,64
3438,408,female,25,34
3440,408,female,35,44
3442,408,female,18,24
3443,408,female,35,44
3445,408,female,25,34
3448,408,female,25,34
3449,409,female,18,24
3462,408,female,35,44
3468,408,female,35,44
3470,408,female,45,54
3473,408,female,45,54
3474,408,female,45,54
3476,408,female,25,34
3477,408,female,35,44
3480,408,female,35,44
3481,408,female,35,44
3482,408,female,35,44
3483,408,female,45,54
3484,408,female,25,34
3486,408,female,35,44
3487,408,female,25,34
3488,408,female,18,24
3490,408,female,25,34
3496,408,female,25,34
3497,408,female,25,34
3499,408,female,18,24
3500,408,female,18,24
3501,408,female,45,54
3502,69,female,45,54
3503,408,female,18,24
3506,408,female,35,44
3507,408,female,25,34
3508,408,female,25,34
3509,408,female,25,34
3510,408,female,35,44
3514,408,female,18,24
3516,63,female,35,44
3517,408,female,25,34
3521,408,female,25,34
3522,408,female,25,34
3524,69,female,25,34
3526,69,female,18,24
3528,408,female,35,44
3530,408,female,25,34
3531,408,female,11,17
3533,408,female,55,64
3534,69,female,35,44
3535,69,female,35,44
3536,408,female,45,54
3538,408,female,35,44
3539,83,female,25,34
3541,408,female,45,54
3544,63,female,35,44
3550,408,female,35,44
3551,408,female,25,34
3553,408,female,18,24
3555,410,female,18,24
3558,408,female,25,34
3562,408,female,45,54
3563,408,female,35,44
3564,408,female,35,44
3565,408,female,18,24
3568,408,female,45,54
3569,408,female,18,24
3571,408,female,25,34
3574,408,female,35,44
3576,408,female,45,54
3577,69,female,45,54
3582,408,female,25,34
3590,408,female,45,54
3595,83,female,25,34
3597,408,female,45,54
3598,408,female,25,34
3606,408,female,25,34
3612,408,female,35,44
3613,408,female,25,34
3616,408,female,45,54
3618,408,female,45,54
3623,411,female,55,64
3627,408,female,45,54
3634,69,female,18,24
3637,408,female,25,34
3640,408,female,18,24
3641,83,female,25,34
3642,83,female,55,64
3644,408,female,35,44
3645,408,female,18,24
3647,411,female,45,54
3654,83,female,45,54
3655,408,female,35,44
3656,411,female,55,64
3658,69,female,18,24
3660,83,female,35,44
3662,83,female,35,44
3668,83,female,35,44
3669,69,female,11,17
3670,69,female,35,44
3671,408,female,35,44
3673,409,female,35,44
3674,408,female,45,54
3682,69,female,25,34
3684,83,female,11,17
3685,408,female,18,24
3687,408,female,35,44
3689,83,female,25,34
3692,408,female,25,34
3707,408,female,35,44
3710,408,female,18,24
3717,69,female,45,54
3724,408,female,25,34
3706,408,female,45,54
3711,408,female,35,44
3721,408,female,25,34
3722,408,female,35,44
3714,408,female,35,44
3725,408,female,45,54
3727,408,female,25,34
3728,408,female,25,34
3729,408,female,18,24
3730,408,female,25,34
3733,408,female,35,44
3737,408,female,35,44
3738,408,female,35,44
3743,408,female,18,24
3754,83,female,25,34
3764,408,female,45,54
3771,408,female,35,44
3773,63,female,25,34
3776,408,female,25,34
3778,408,female,65,
3779,408,female,18,24
3781,69,female,18,24
3786,408,female,25,34
3789,408,female,25,34
3798,408,female,35,44
3802,408,female,18,24
3805,408,female,25,34
3806,408,female,45,54
3807,409,female,35,44
3808,408,female,35,44
3809,409,female,35,44
3812,409,female,25,34
3815,408,female,18,24
3828,63,female,25,34
3811,408,female,45,54
3820,408,female,25,34
3819,83,female,18,24
3831,408,female,35,44
3821,408,female,18,24
3830,69,female,25,34
3835,408,female,35,44
3838,408,female,18,24
3839,408,female,35,44
3840,408,female,55,64
3841,408,female,18,24
3843,408,female,35,44
3845,408,female,65,
3846,408,female,35,44
3847,69,female,25,34
3848,411,female,45,54
3849,408,female,45,54
3851,83,female,25,34
3857,409,female,18,24
3858,409,female,18,24
3861,408,female,45,54
3865,69,female,25,34
3866,408,female,45,54
3867,408,female,35,44
3868,408,female,18,24
3869,408,female,18,24
3870,408,female,35,44
3872,408,female,35,44
3878,69,female,25,34
3882,408,female,45,54
3883,408,female,45,54
3884,408,female,45,54
3885,408,female,45,54
3886,408,female,18,24
3887,408,female,18,24
3888,408,female,35,44
3889,408,female,35,44
3892,63,female,25,34
3893,408,female,25,34
3895,409,female,35,44
3900,408,female,35,44
3905,408,female,45,54
3907,408,female,25,34
3908,408,female,25,34
3909,408,female,45,54
3912,63,female,35,44
3913,83,female,18,24
3915,69,female,35,44
3917,69,female,35,44
3921,408,female,18,24
3918,63,female,35,44
3925,408,female,18,24
3929,409,female,25,34
3927,408,female,25,34
3924,69,female,25,34
3926,69,female,45,54
3930,408,female,25,34
3931,408,female,25,34
3932,408,female,25,34
3933,408,female,18,24
3936,69,female,25,34
3937,411,female,45,54
3939,409,female,25,34
3940,411,female,55,64
3941,408,female,25,34
3942,408,female,18,24
3943,408,female,25,34
3944,408,female,25,34
3946,69,female,0,1
3947,69,female,35,44
3949,408,female,25,34
3950,412,female,35,44
3953,69,female,0,1
3954,69,female,18,24
3955,69,female,35,44
3956,408,female,25,34
3957,69,female,25,34
3958,409,female,25,34
3960,408,female,35,44
3961,408,female,25,34
3962,408,female,25,34
3963,411,female,35,44
3965,411,female,35,44
3966,408,female,35,44
3967,408,female,25,34
3969,69,female,25,34
3970,69,female,25,34
3971,69,female,25,34
3972,411,female,55,64
3973,69,female,25,34
3977,69,female,25,34
3979,69,female,25,34
3981,69,female,65,
3982,411,female,55,64
3983,410,female,5,10
3988,69,female,25,34
3990,69,female,18,24
3991,411,female,55,64
3992,410,female,1,4
3993,69,female,35,44
3996,83,female,1,4
3999,408,female,35,44
4000,69,female,18,24
4002,69,female,25,34
4003,69,female,45,54
4004,408,female,45,54
4008,69,female,55,64
4009,69,female,11,17
4012,63,female,25,34
4014,408,female,25,34
4016,409,female,25,34
4017,408,female,25,34
4019,409,female,25,34
4029,69,female,25,34
4021,409,female,25,34
4024,63,female,25,34
4032,69,female,0,1
4037,409,female,25,34
4042,408,female,25,34
4045,83,female,11,17
4048,408,female,35,44
4049,69,female,35,44
4050,83,female,11,17
4051,408,female,45,54
4053,69,female,25,34
4054,411,female,55,64
4056,411,female,55,64
4058,409,female,25,34
4060,408,female,55,64
4061,411,female,65,
4064,69,female,25,34
4065,69,female,25,34
4071,69,female,45,54
4072,69,female,45,54
4073,410,female,18,24
4074,63,female,35,44
4077,408,female,25,34
4078,408,female,45,54
4079,408,female,45,54
4085,410,female,1,4
4088,69,female,45,54
4089,83,female,25,34
4090,408,female,25,34
4094,69,female,25,34
4095,69,female,45,54
4097,408,female,25,34
4098,409,female,55,64
4099,408,female,25,34
4101,408,female,18,24
4105,69,female,35,44
4107,69,female,25,34
4108,411,female,65,
4109,411,female,65,
4112,409,female,18,24
4113,409,female,18,24
4115,408,female,45,54
4118,408,female,25,34
4119,69,female,25,34
4122,408,female,25,34
4127,63,female,18,24
4129,69,female,25,34
4131,408,female,25,34
4132,83,female,25,34
4133,410,female,18,24
4136,411,female,65,
4137,410,female,11,17
4138,411,female,65,
4139,411,female,55,64
4141,408,female,45,54
4144,63,female,35,44
4147,408,female,35,44
4151,410,female,25,34
4153,408,female,25,34
4158,69,female,35,44
4162,408,female,25,34
4163,408,female,25,34
4165,408,female,25,34
4167,69,female,25,34
4168,69,female,18,24
4172,69,female,25,34
4176,63,female,25,34
4178,408,female,35,44
4180,83,female,11,17
4183,408,female,25,34
4187,408,female,18,24
4189,63,female,35,44
4191,69,female,18,24
4192,69,female,25,34
4197,69,female,25,34
4199,409,female,25,34
4202,408,female,25,34
4203,69,female,25,34
4210,69,female,25,34
4213,408,female,25,34
4204,408,female,25,34
4207,69,female,18,24
4214,69,female,18,24
4215,63,female,25,34
4205,69,female,25,34
4208,411,female,45,54
4216,409,female,35,44
4212,408,female,18,24
4219,408,female,18,24
4221,410,female,5,10
4222,63,female,18,24
4223,69,female,25,34
4224,409,female,25,34
4225,69,female,25,34
4226,63,female,35,44
4227,408,female,25,34
4229,69,female,18,24
4230,69,female,18,24
4234,411,female,55,64
4235,63,female,25,34
4236,63,female,25,34
4237,63,female,25,34
4238,69,female,45,54
4242,410,female,18,24
4246,69,female,25,34
4247,83,female,25,34
4248,411,female,55,64
4251,408,female,35,44
4252,69,female,25,34
4255,69,female,18,24
4256,410,female,1,4
4258,69,female,25,34
4260,411,female,45,54
4262,410,female,11,17
4264,408,female,25,34
4265,69,female,18,24
4266,411,female,55,64
4267,408,female,25,34
4268,408,female,25,34
4269,69,female,25,34
4270,408,female,25,34
4272,408,female,18,24
4273,69,female,18,24
4274,408,female,1,4
4275,408,female,25,34
4276,63,female,25,34
4278,69,female,25,34
4279,408,female,25,34
4283,63,female,25,34
4284,408,female,25,34
4286,408,female,25,34
4287,63,female,25,34
4290,69,female,35,44
4291,69,female,35,44
4294,408,female,18,24
4295,411,female,55,64
4296,410,female,25,34
4298,408,female,25,34
4299,408,female,18,24
4300,408,female,18,24
4302,63,female,25,34
4307,408,female,18,24
4308,408,female,18,24
4311,411,female,65,
4312,408,female,35,44
4313,69,female,25,34
4315,83,female,45,54
4316,69,female,35,44
4320,69,female,25,34
4321,69,female,25,34
4322,69,female,25,34
4323,408,female,25,34
4324,412,female,25,34
4325,69,female,25,34
4327,83,female,0,1
4328,408,female,25,34
4329,69,female,25,34
4330,69,female,25,34
4331,69,female,35,44
4333,408,female,18,24
4334,63,female,25,34
4335,83,female,25,34
4336,409,female,35,44
4337,411,female,55,64
4338,69,female,18,24
4339,69,female,25,34
4340,408,female,25,34
4342,411,female,45,54
4344,408,female,25,34
4346,408,female,35,44
4347,63,female,45,54
4348,411,female,65,
4351,409,female,35,44
4352,408,female,25,34
4354,409,female,35,44
4355,69,female,25,34
4358,408,female,25,34
4361,409,female,25,34
4362,408,female,18,24
4363,69,female,25,34
4365,408,female,25,34
4366,408,female,18,24
4368,411,female,65,
4370,409,female,25,34
4373,69,female,18,24
4376,63,female,25,34
4379,409,female,25,34
4380,409,female,25,34
4381,69,female,45,54
4383,69,female,25,34
4384,411,female,55,64
4385,411,female,55,64
4386,69,female,18,24
4387,408,female,35,44
4388,409,female,18,24
4394,69,female,18,24
4396,69,female,35,44
4397,69,female,35,44
4398,83,female,25,34
4399,69,female,25,34
4400,410,female,1,4
4406,408,female,35,44
4407,408,female,35,44
4408,408,female,35,44
4409,411,female,65,
4412,63,female,65,
4413,408,female,25,34
4414,408,female,18,24
4415,408,female,18,24
4417,411,female,55,64
4418,412,female,55,64
4421,63,female,25,34
4422,408,female,35,44
4427,411,female,65,
4428,410,female,18,24
4430,409,female,25,34
4431,409,female,25,34
4432,83,female,45,54
4433,411,female,55,64
4434,411,female,55,64
4435,69,female,25,34
4437,69,female,25,34
4438,411,female,45,54
4444,69,female,45,54
4445,411,female,55,64
4447,69,female,35,44
4449,408,female,25,34
4453,63,female,35,44
4454,409,female,25,34
4455,63,female,25,34
4457,411,female,65,
4458,411,female,55,64
4459,69,female,25,34
4460,69,female,18,24
4463,83,female,35,44
4469,410,female,1,4
4471,69,female,25,34
4473,411,female,65,
4476,410,female,25,34
4481,411,female,65,
4484,408,female,35,44
4487,408,female,25,34
4488,411,female,45,54
4491,83,female,35,44
4494,69,female,18,24
4495,69,female,35,44
4496,69,female,35,44
4499,69,female,25,34
4500,411,female,65,
4502,408,female,18,24
4505,411,female,35,44
4508,83,female,45,54
4510,69,female,25,34
4512,411,female,55,64
4513,69,female,25,34
4514,69,female,25,34
4520,411,female,45,54
4523,411,female,35,44
4525,69,female,35,44
4529,411,female,55,64
4532,411,female,65,
4533,69,female,25,34
4534,411,female,25,34
4535,411,female,55,64
4536,411,female,65,
4537,411,female,65,
4538,410,female,25,34
4545,411,female,65,
4546,411,female,65,
4554,69,female,35,44
4555,408,female,25,34
4556,411,female,45,54
4557,411,female,45,54
4558,411,female,45,54
4559,411,female,45,54
4560,69,female,0,1
4561,408,female,35,44
4562,408,female,18,24
4564,83,female,35,44
4565,69,female,35,44
4566,411,female,45,54
4567,410,female,25,34
4568,408,female,35,44
4570,69,female,25,34
4572,408,female,35,44
4573,408,female,18,24
4576,69,female,65,
4579,69,female,35,44
4574,408,female,55,64
4575,411,female,55,64
4577,408,female,35,44
4578,410,female,25,34
4584,411,female,55,64
4585,411,female,65,
4587,69,female,35,44
4588,69,female,35,44
4589,69,female,55,64
4590,409,female,35,44
4591,69,female,35,44
4592,408,female,25,34
4593,408,female,45,54
4594,410,female,55,64
4599,411,female,55,64
4603,409,female,18,24
4604,69,female,25,34
4605,411,female,65,
4606,411,female,65,
4607,408,female,25,34
4611,411,female,45,54
4612,411,female,65,
4613,408,female,25,34
4614,83,female,65,
4615,69,female,35,44
4616,69,female,25,34
4618,409,female,35,44
4619,408,female,35,44
4621,69,female,0,1
4624,411,female,65,
4625,411,female,65,
4626,408,female,35,44
4628,411,female,55,64
4629,411,female,55,64
4630,411,female,65,
4631,411,female,65,
4632,408,female,25,34
4636,83,female,35,44
4640,63,female,25,34
4643,411,female,65,
4644,408,female,25,34
4649,408,female,25,34
4653,408,female,25,34
4654,408,female,65,
4655,408,female,55,64
4657,411,female,55,64
4658,411,female,55,64
4659,83,female,35,44
4661,411,female,65,
4663,411,female,55,64
4664,411,female,65,
4665,411,female,55,64
4666,411,female,65,
4667,408,female,18,24
4668,411,female,55,64
4669,411,female,65,
4671,411,female,65,
4672,408,female,35,44
4673,69,female,25,34
4674,409,female,35,44
4675,411,female,25,34
4677,408,female,45,54
4678,411,female,55,64
4681,411,female,55,64
4682,410,female,55,64
4683,411,female,55,64
4684,411,female,45,54
4685,411,female,55,64
4686,408,female,25,34
4688,411,female,45,54
4689,408,female,25,34
4690,411,female,55,64
4692,411,female,65,
4694,411,female,55,64
4695,411,female,55,64
4696,409,female,55,64
4697,408,female,35,44
4698,411,female,65,
4700,69,female,18,24
4702,411,female,65,
4703,411,female,55,64
4704,411,female,55,64
4706,411,female,45,54
4708,411,female,55,64
4709,411,female,65,
4710,411,female,55,64
4713,411,female,55,64
4715,408,female,45,54
4717,411,female,65,
4718,411,female,55,64
4719,411,female,55,64
4720,411,female,45,54
4721,411,female,55,64
4722,411,female,65,
4723,411,female,45,54
4724,408,female,25,34
4725,411,female,45,54
4726,411,female,45,54
4728,409,female,25,34
4730,411,female,45,54
4731,411,female,35,44
4733,411,female,55,64
4734,411,female,45,54
4735,411,female,45,54
4736,408,female,35,44
4737,411,female,35,44
4738,411,female,35,44
4739,411,female,65,
4740,411,female,45,54
4741,69,female,25,34
4742,411,female,55,64
4743,411,female,45,54
4744,411,female,55,64
4745,408,female,45,54
4746,408,female,35,44
4747,411,female,55,64
4748,69,female,25,34
4750,408,female,25,34
4751,411,female,55,64
4752,411,female,65,
4753,411,female,65,
4754,411,female,55,64
4755,411,female,35,44
4756,411,female,45,54
4759,411,female,45,54
4757,408,female,25,34
4760,411,female,65,
4763,411,female,55,64
4764,411,female,65,
4766,411,female,55,64
4769,412,female,55,64
4770,69,female,25,34
4771,411,female,45,54
4773,411,female,55,64
4776,411,female,55,64
4777,408,female,25,34
4779,411,female,55,64
4780,408,female,25,34
4781,408,female,25,34
4782,408,female,35,44
4783,408,female,35,44
4784,411,female,45,54
4785,411,female,55,64
4787,408,female,35,44
4788,408,female,45,54
4789,408,female,25,34
4790,408,female,35,44
4792,408,female,25,34
4795,408,female,25,34
4797,411,female,65,
4806,411,female,55,64
4809,69,female,25,34
4811,69,female,25,34
4812,409,female,25,34
4813,409,female,35,44
4815,69,female,25,34
4816,69,female,35,44
4817,408,female,25,34
4820,63,female,25,34
4821,63,female,25,34
4822,63,female,25,34
4825,411,female,25,34
4826,69,female,35,44
4828,83,female,11,17
4829,408,female,35,44
4830,408,female,45,54
4832,83,female,5,10
4838,411,female,55,64
4839,411,female,55,64
4841,63,female,25,34
4842,408,female,55,64
4843,69,female,18,24
4845,411,female,45,54
4847,409,female,35,44
4848,83,female,0,1
4849,410,female,25,34
4850,410,female,25,34
4851,410,female,25,34
4852,411,female,65,
4853,411,female,55,64
4854,411,female,55,64
4858,411,female,45,54
4859,63,female,35,44
4862,409,female,45,54
4864,408,female,35,44
4867,69,female,25,34
4888,408,female,25,34
4889,411,female,35,44
4890,409,female,25,34
4892,408,female,35,44
4893,408,female,35,44
4894,408,female,25,34
4895,408,female,25,34
4896,408,female,35,44
4898,408,female,25,34
4899,408,female,35,44
4900,411,female,55,64
4901,408,female,18,24
4903,411,female,55,64
4904,408,female,18,24
4907,69,female,25,34
4912,69,female,25,34
4913,83,female,55,64
4914,411,female,55,64
4917,69,female,18,24
4920,411,female,65,
4921,410,female,5,10
4922,83,female,25,34
4923,410,female,18,24
4925,63,female,35,44
4927,409,female,1,4
4930,63,female,25,34
4931,411,female,45,54
4934,409,female,25,34
4936,408,female,35,44
4940,408,female,25,34
4941,411,female,55,64
4944,69,female,25,34
4949,69,female,35,44
4952,69,female,55,64
4956,408,female,25,34
4958,408,female,35,44
4962,83,female,65,
4966,408,female,25,34
4967,69,female,35,44
4972,411,female,65,
4973,411,female,65,
4974,411,female,65,
4975,411,female,65,
4981,83,female,25,34
4982,69,female,25,34
4991,69,female,25,34
5019,412,female,45,54
5044,408,female,25,34
5048,411,female,45,54
5055,69,female,25,34
5075,410,female,5,10
778,83,female,35,44
786,408,female,25,34
835,411,female,55,64
894,411,female,65,
906,410,female,5,10
972,83,female,55,64
1134,411,female,55,64
1235,411,female,55,64
1305,411,female,55,64
1427,408,female,25,34
1436,83,female,45,54
1637,410,female,18,24
1644,83,female,18,24
1727,411,female,55,64
1778,409,female,18,24
1804,408,female,18,24
1857,411,female,55,64
1906,69,female,55,64
1951,69,female,35,44
2006,411,female,55,64
2014,83,female,45,54
2092,408,female,25,34
2117,411,female,65,
2124,408,female,35,44
2130,63,female,45,54
2158,410,female,35,44
2170,408,female,45,54
2182,409,female,45,54
2239,69,female,55,64
2246,63,female,25,34
2317,408,female,25,34
2330,411,female,0,1
2362,408,female,35,44
341,73,male,0,1
392,60,male,25,34
299,73,male,25,34
300,73,male,25,34
408,66,male,55,64
5082,408,male,25,34
5079,409,male,25,34
5073,83,male,35,44
5070,408,male,35,44
5066,408,male,25,34
5063,408,male,35,44
5061,411,male,45,54
5057,411,male,55,64
5059,411,male,55,64
5052,408,male,35,44
5049,408,male,25,34
5042,408,male,35,44
5043,410,male,11,17
5039,408,male,18,24
5038,411,male,65,
5036,411,male,65,
5023,408,male,35,44
5018,408,male,35,44
5016,69,male,0,1
5015,410,male,1,4
4995,408,male,35,44
5012,411,male,55,64
4990,408,male,35,44
4989,408,male,35,44
4979,412,male,65,
4971,411,male,55,64
4993,409,male,25,34
4994,409,male,25,34
4960,408,male,25,34
4954,411,male,55,64
4951,408,male,35,44
4874,408,male,35,44
4857,408,male,18,24
4638,408,male,25,34
4650,411,male,18,24
4623,408,male,35,44
4608,69,male,25,34
4582,409,male,25,34
4583,412,male,25,34
4798,63,male,25,34
4799,411,male,25,34
4800,63,male,25,34
4801,409,male,25,34
4802,411,male,25,34
4833,409,male,18,24
4540,408,male,35,44
4517,409,male,25,34
4791,408,male,25,34
4489,411,male,55,64
4482,408,male,25,34
4478,408,male,25,34
5034,408,male,35,44
4474,63,male,35,44
5081,408,male,35,44
4980,411,male,55,64
4887,408,male,35,44
4977,408,male,35,44
4978,411,male,65,
4441,408,male,35,44
4466,408,male,25,34
4377,409,male,5,10
4378,411,male,65,
4420,411,male,65,
4485,409,male,18,24
4548,408,male,25,34
4550,411,male,5,10
4551,408,male,18,24
4552,409,male,18,24
4553,408,male,18,24
4522,412,male,18,24
4160,408,male,25,34
4124,410,male,11,17
4046,408,male,45,54
4047,408,male,45,54
4039,408,male,35,44
3998,408,male,35,44
3976,408,male,25,34
3894,408,male,25,34
3874,408,male,35,44
3854,411,male,55,64
3783,408,male,25,34
3766,83,male,25,34
3752,408,male,25,34
3699,408,male,18,24
3686,408,male,18,24
3676,408,male,25,34
3650,408,male,25,34
3649,408,male,35,44
3630,408,male,35,44
3626,408,male,25,34
3589,408,male,18,24
3525,408,male,35,44
3464,408,male,55,64
3463,408,male,45,54
3455,408,male,45,54
3452,408,male,35,44
3367,408,male,25,34
3258,408,male,18,24
3125,408,male,35,44
3110,408,male,55,64
3106,408,male,35,44
3036,408,male,18,24
3017,408,male,25,34
3009,408,male,18,24
2988,408,male,35,44
2983,408,male,45,54
2977,408,male,25,34
2968,408,male,35,44
2955,408,male,25,34
2924,408,male,35,44
2886,408,male,25,34
2827,408,male,35,44
2791,408,male,25,34
2772,408,male,35,44
2759,408,male,35,44
2750,408,male,45,54
2726,408,male,25,34
2703,408,male,55,64
2700,408,male,35,44
2691,408,male,35,44
2689,408,male,35,44
2690,408,male,35,44
2664,408,male,35,44
2659,408,male,35,44
2648,408,male,45,54
2638,408,male,35,44
3948,83,male,35,44
2631,408,male,35,44
2627,408,male,35,44
2613,408,male,45,54
2568,408,male,35,44
2564,408,male,25,34
2552,408,male,35,44
2548,408,male,35,44
2543,408,male,25,34
2532,408,male,35,44
2519,408,male,35,44
2483,408,male,35,44
2385,408,male,25,34
2386,69,male,25,34
2244,409,male,11,17
2195,408,male,55,64
2103,408,male,45,54
2075,69,male,25,34
2062,408,male,55,64
2009,408,male,55,64
1985,410,male,25,34
1880,409,male,25,34
1821,408,male,25,34
1817,408,male,35,44
1824,411,male,65,
1790,411,male,55,64
1791,408,male,25,34
1780,410,male,0,1
1772,408,male,25,34
1977,83,male,55,64
1993,408,male,25,34
2123,83,male,55,64
1768,411,male,65,
1734,410,male,25,34
1714,408,male,25,34
1674,410,male,11,17
1676,408,male,35,44
1602,408,male,25,34
1564,410,male,25,34
1547,408,male,25,34
1533,408,male,45,54
1495,408,male,35,44
1444,408,male,35,44
1445,408,male,35,44
1446,410,male,11,17
1403,408,male,25,34
1404,408,male,25,34
1333,408,male,45,54
1334,408,male,45,54
1335,408,male,45,54
1336,408,male,45,54
1337,408,male,55,64
1331,408,male,35,44
1280,408,male,18,24
1437,83,male,1,4
1438,408,male,35,44
1439,411,male,55,64
1239,69,male,18,24
1146,408,male,35,44
1147,408,male,35,44
1148,408,male,35,44
1149,408,male,35,44
1145,408,male,35,44
1135,408,male,35,44
1106,411,male,65,
1108,408,male,35,44
1080,409,male,35,44
1101,411,male,65,
1843,411,male,65,
1057,408,male,35,44
1045,408,male,45,54
1046,408,male,45,54
1037,408,male,35,44
1025,409,male,45,54
1010,410,male,5,10
1007,83,male,11,17
991,409,male,35,44
970,410,male,1,4
954,411,male,55,64
949,408,male,35,44
883,408,male,35,44
873,408,male,35,44
1577,411,male,55,64
812,408,male,35,44
797,408,male,35,44
751,410,male,11,17
754,408,male,35,44
679,408,male,18,24
1048,408,male,18,24
676,60,male,25,34
1330,408,male,25,34
645,69,male,35,44
636,68,male,25,34
2156,411,male,65,
2157,408,male,25,34
620,60,male,25,34
610,60,male,25,34
611,60,male,25,34
606,63,male,45,54
584,73,male,35,44
524,61,male,11,17
525,76,male,11,17
482,73,male,65,
483,73,male,65,
450,61,male,25,34
428,73,male,25,34
401,66,male,55,64
326,60,male,25,34
327,61,male,25,34
291,61,male,25,34
462,69,male,25,34
256,66,male,55,64
254,73,male,25,34
260,61,male,35,44
305,66,male,55,64
236,67,male,45,54
429,67,male,55,64
435,61,male,18,24
172,73,male,45,54
152,73,male,35,44
106,60,male,25,34
111,83,male,65,
667,67,male,65,
1200,408,male,25,34
216,69,male,18,24
99,60,male,25,34
94,76,male,1,4
138,66,male,65,
1452,409,male,25,34
1632,408,male,35,44
1636,408,male,35,44
2112,63,male,35,44
2367,412,male,35,44
2414,408,male,35,44
4293,63,male,35,44
4196,408,male,35,44
4509,408,male,25,34
680,408,male,25,34
681,69,male,25,34
682,408,male,25,34
683,411,male,25,34
685,410,male,25,34
686,411,male,35,44
687,411,male,45,54
689,408,male,35,44
694,408,male,25,34
695,63,male,45,54
696,63,male,35,44
698,408,male,18,24
702,69,male,25,34
704,69,male,35,44
705,63,male,25,34
708,411,male,45,54
709,411,male,55,64
711,69,male,35,44
715,412,male,65,
716,412,male,65,
717,411,male,55,64
720,63,male,35,44
723,412,male,55,64
724,63,male,55,64
725,63,male,65,
726,412,male,55,64
729,412,male,65,
735,83,male,25,34
740,408,male,35,44
741,408,male,35,44
742,408,male,35,44
744,408,male,45,54
767,408,male,25,34
749,408,male,45,54
750,411,male,55,64
752,408,male,25,34
753,408,male,25,34
757,408,male,35,44
760,408,male,45,54
761,408,male,55,64
765,408,male,25,34
766,408,male,25,34
770,408,male,35,44
772,408,male,65,
773,408,male,65,
774,409,male,25,34
775,409,male,25,34
779,69,male,5,10
780,69,male,18,24
782,408,male,45,54
785,63,male,25,34
792,409,male,25,34
793,410,male,11,17
847,408,male,35,44
848,408,male,25,34
849,408,male,25,34
800,408,male,35,44
802,408,male,25,34
804,408,male,25,34
805,408,male,25,34
806,408,male,35,44
807,408,male,25,34
808,410,male,11,17
809,408,male,25,34
810,408,male,25,34
811,408,male,35,44
851,408,male,25,34
816,408,male,25,34
818,411,male,65,
819,408,male,35,44
820,408,male,35,44
823,411,male,55,64
824,408,male,35,44
825,408,male,35,44
827,408,male,45,54
830,408,male,45,54
832,411,male,55,64
833,408,male,45,54
837,409,male,55,64
852,408,male,25,34
846,83,male,1,4
854,411,male,55,64
855,411,male,65,
856,411,male,65,
857,411,male,65,
858,83,male,0,1
861,408,male,25,34
862,408,male,35,44
865,408,male,35,44
868,408,male,45,54
869,410,male,1,4
872,408,male,35,44
879,408,male,35,44
888,408,male,35,44
874,410,male,5,10
877,408,male,35,44
878,408,male,35,44
876,408,male,35,44
880,408,male,35,44
884,408,male,45,54
886,410,male,1,4
887,408,male,45,54
891,408,male,35,44
893,409,male,45,54
895,408,male,45,54
898,410,male,5,10
902,408,male,35,44
905,408,male,35,44
908,408,male,35,44
909,83,male,65,
910,408,male,35,44
956,408,male,35,44
913,410,male,11,17
915,408,male,35,44
918,409,male,25,34
920,408,male,35,44
922,411,male,65,
925,408,male,25,34
926,69,male,25,34
928,408,male,45,54
957,410,male,25,34
933,410,male,5,10
937,408,male,45,54
938,409,male,25,34
940,408,male,35,44
941,408,male,25,34
942,408,male,35,44
943,408,male,35,44
944,409,male,45,54
946,410,male,11,17
948,408,male,35,44
953,408,male,35,44
959,408,male,25,34
955,408,male,35,44
960,412,male,55,64
962,411,male,55,64
964,408,male,25,34
965,408,male,35,44
971,408,male,35,44
978,408,male,25,34
981,408,male,35,44
985,408,male,35,44
987,408,male,25,34
988,408,male,25,34
1049,409,male,35,44
992,408,male,18,24
993,411,male,65,
996,408,male,25,34
997,408,male,35,44
1000,408,male,25,34
1002,409,male,18,24
1003,408,male,35,44
1005,69,male,35,44
1006,408,male,25,34
1011,408,male,35,44
1013,410,male,0,1
1014,410,male,1,4
1017,408,male,18,24
1018,408,male,25,34
1022,408,male,25,34
1024,410,male,1,4
1026,409,male,45,54
1027,411,male,65,
1028,408,male,35,44
1030,408,male,35,44
1031,408,male,45,54
1032,69,male,35,44
1033,411,male,55,64
1038,408,male,25,34
1043,411,male,35,44
1053,411,male,55,64
1065,408,male,25,34
1071,408,male,25,34
1074,410,male,5,10
1075,410,male,0,1
1077,408,male,25,34
1079,409,male,25,34
1076,409,male,25,34
1078,409,male,35,44
1083,411,male,55,64
1086,408,male,25,34
1088,408,male,35,44
1090,408,male,35,44
1091,408,male,35,44
1093,408,male,25,34
1094,408,male,35,44
1095,411,male,65,
1102,408,male,45,54
1105,408,male,25,34
1109,408,male,25,34
1110,408,male,25,34
1111,408,male,25,34
1112,408,male,25,34
1115,410,male,5,10
1116,411,male,65,
1117,410,male,11,17
1118,408,male,25,34
1121,408,male,25,34
1124,408,male,35,44
1125,408,male,35,44
1126,408,male,35,44
1128,409,male,25,34
1130,412,male,65,
1131,410,male,1,4
1132,408,male,25,34
1137,408,male,45,54
1140,408,male,25,34
1142,408,male,35,44
1144,408,male,35,44
1153,63,male,35,44
1154,63,male,35,44
1156,408,male,25,34
1172,63,male,25,34
1166,411,male,55,64
1168,408,male,35,44
1173,63,male,25,34
1177,63,male,45,54
1178,410,male,1,4
1181,69,male,35,44
1183,408,male,45,54
1184,409,male,45,54
1186,408,male,35,44
1195,408,male,35,44
1185,408,male,25,34
1191,408,male,35,44
1180,69,male,35,44
1192,63,male,35,44
1193,63,male,45,54
1197,69,male,25,34
1199,411,male,55,64
1260,83,male,65,
1262,408,male,45,54
1210,408,male,65,
1211,410,male,25,34
1263,408,male,45,54
1216,69,male,25,34
1219,408,male,25,34
1222,411,male,55,64
1223,409,male,25,34
1225,411,male,55,64
1227,63,male,35,44
1228,410,male,25,34
1265,408,male,25,34
1233,408,male,25,34
1236,410,male,5,10
1237,69,male,18,24
1242,410,male,25,34
1244,411,male,55,64
1247,411,male,55,64
1252,411,male,45,54
1253,411,male,45,54
1268,411,male,65,
1269,408,male,35,44
1270,408,male,35,44
1271,408,male,35,44
1272,408,male,25,34
1273,410,male,11,17
1275,410,male,25,34
1276,83,male,0,1
1278,83,male,11,17
1279,408,male,35,44
1281,410,male,25,34
1282,409,male,25,34
1292,408,male,55,64
1295,83,male,45,54
1296,83,male,45,54
1297,83,male,45,54
1301,83,male,11,17
1306,408,male,35,44
1307,408,male,25,34
1310,412,male,65,
1313,408,male,55,64
1317,69,male,45,54
1318,411,male,45,54
1319,408,male,25,34
1320,409,male,25,34
1321,408,male,35,44
1322,408,male,35,44
1323,408,male,25,34
1327,408,male,35,44
1365,411,male,55,64
1339,411,male,55,64
1366,408,male,35,44
1347,411,male,55,64
1348,411,male,65,
1350,409,male,18,24
1351,63,male,45,54
1353,411,male,55,64
1354,408,male,25,34
1359,408,male,45,54
1362,408,male,25,34
1369,408,male,25,34
1370,408,male,55,64
1371,411,male,65,
1372,408,male,35,44
1373,408,male,55,64
1374,408,male,35,44
1375,408,male,35,44
1377,408,male,25,34
1378,69,male,35,44
1380,410,male,18,24
1381,408,male,35,44
1382,408,male,35,44
1383,410,male,11,17
1385,408,male,45,54
1388,408,male,35,44
1391,408,male,18,24
1395,69,male,45,54
1398,63,male,45,54
1399,83,male,45,54
1400,63,male,35,44
1401,408,male,25,34
1448,410,male,5,10
1408,410,male,25,34
1409,408,male,35,44
1410,411,male,45,54
1412,411,male,45,54
1413,411,male,45,54
1414,408,male,25,34
1416,408,male,25,34
1417,411,male,55,64
1418,63,male,35,44
1419,411,male,55,64
1421,411,male,55,64
1422,412,male,65,
1423,409,male,25,34
1426,411,male,45,54
1428,63,male,55,64
1429,408,male,35,44
1434,411,male,55,64
1441,411,male,45,54
1442,63,male,25,34
1449,408,male,35,44
1457,69,male,25,34
1458,408,male,45,54
1459,411,male,65,
1461,409,male,35,44
1462,408,male,25,34
1463,408,male,18,24
1468,409,male,35,44
1469,411,male,65,
1470,409,male,25,34
1474,408,male,35,44
1475,408,male,25,34
1476,408,male,25,34
1477,408,male,35,44
1478,408,male,35,44
1479,408,male,35,44
1481,409,male,25,34
1482,409,male,18,24
1483,411,male,65,
1486,408,male,25,34
1487,408,male,25,34
1489,408,male,25,34
1494,63,male,25,34
1496,412,male,65,
1499,411,male,45,54
1500,69,male,25,34
1503,83,male,0,1
1505,408,male,35,44
1507,408,male,25,34
1509,408,male,25,34
1543,408,male,35,44
1516,408,male,35,44
1519,408,male,45,54
1521,408,male,25,34
1525,408,male,35,44
1530,408,male,25,34
1532,69,male,25,34
1544,408,male,25,34
1537,408,male,55,64
1538,408,male,55,64
1539,408,male,35,44
1540,409,male,45,54
1550,408,male,25,34
1548,410,male,18,24
1552,63,male,25,34
1555,408,male,45,54
1560,408,male,25,34
1563,411,male,65,
1565,408,male,55,64
1568,408,male,35,44
1569,408,male,25,34
1572,409,male,25,34
1580,408,male,55,64
1581,408,male,35,44
1587,410,male,18,24
1588,69,male,0,1
1589,408,male,55,64
1591,410,male,25,34
1592,408,male,25,34
1593,408,male,45,54
1597,83,male,35,44
1599,408,male,35,44
1601,411,male,65,
1605,408,male,25,34
1607,411,male,65,
1609,408,male,25,34
1610,408,male,25,34
1615,69,male,25,34
1616,408,male,25,34
1618,408,male,25,34
1619,408,male,25,34
1621,408,male,18,24
1626,83,male,25,34
1630,410,male,11,17
1639,408,male,25,34
1641,411,male,45,54
1645,408,male,25,34
1647,410,male,35,44
1648,408,male,25,34
1650,408,male,25,34
1651,408,male,25,34
1652,408,male,25,34
1655,408,male,45,54
1656,408,male,45,54
1658,408,male,35,44
1660,408,male,35,44
1661,69,male,18,24
1668,410,male,11,17
1677,409,male,25,34
1678,412,male,55,64
1682,408,male,55,64
1683,408,male,35,44
1684,408,male,35,44
1723,409,male,35,44
1687,408,male,35,44
1691,408,male,25,34
1694,409,male,35,44
1695,83,male,35,44
1699,409,male,25,34
1702,409,male,25,34
1704,408,male,45,54
1706,408,male,55,64
1707,408,male,35,44
1709,69,male,18,24
1710,408,male,35,44
1715,410,male,18,24
1724,408,male,25,34
1716,410,male,11,17
1720,410,male,18,24
1721,408,male,35,44
1728,411,male,65,
1731,411,male,65,
1732,408,male,25,34
1735,409,male,45,54
1740,411,male,55,64
1742,411,male,65,
1757,411,male,65,
1747,408,male,25,34
1744,408,male,35,44
1746,408,male,25,34
1749,408,male,18,24
1751,408,male,35,44
1760,408,male,25,34
1763,408,male,25,34
1765,408,male,35,44
1766,410,male,11,17
1771,408,male,25,34
1773,408,male,35,44
1774,408,male,25,34
1775,408,male,35,44
1779,408,male,35,44
1784,408,male,18,24
1785,408,male,18,24
1786,408,male,25,34
1787,411,male,55,64
1789,408,male,18,24
1794,408,male,25,34
1795,408,male,25,34
1796,408,male,25,34
1800,69,male,25,34
1801,411,male,55,64
1802,408,male,5,10
1803,408,male,25,34
1812,408,male,35,44
1814,408,male,35,44
1829,409,male,18,24
1826,411,male,55,64
1831,408,male,35,44
1836,408,male,45,54
1838,408,male,18,24
1852,408,male,25,34
1847,408,male,25,34
1853,410,male,11,17
1855,410,male,18,24
1856,411,male,65,
1859,410,male,25,34
1869,408,male,55,64
1870,408,male,55,64
1871,408,male,55,64
1872,409,male,25,34
1878,408,male,55,64
1924,408,male,55,64
1881,411,male,65,
1884,408,male,45,54
1886,409,male,25,34
1891,408,male,25,34
1892,411,male,55,64
1893,409,male,18,24
1894,411,male,55,64
1895,408,male,25,34
1896,408,male,25,34
1897,408,male,25,34
1900,409,male,18,24
1903,408,male,55,64
1905,410,male,5,10
1907,69,male,35,44
1911,408,male,35,44
1913,408,male,25,34
1914,411,male,55,64
1915,408,male,25,34
1917,408,male,18,24
1918,411,male,55,64
1919,408,male,35,44
1921,408,male,25,34
1925,408,male,45,54
1928,408,male,45,54
1929,410,male,18,24
1930,410,male,18,24
1931,410,male,11,17
1935,408,male,55,64
1936,69,male,35,44
1942,408,male,18,24
1957,410,male,18,24
1939,408,male,55,64
1941,410,male,18,24
1947,408,male,45,54
1961,411,male,55,64
1940,83,male,11,17
1944,410,male,11,17
1952,408,male,35,44
1954,408,male,35,44
1956,410,male,11,17
1950,408,male,55,64
1965,408,male,45,54
1967,411,male,65,
1968,411,male,65,
1970,408,male,25,34
1971,410,male,18,24
1976,408,male,45,54
1978,409,male,18,24
1979,408,male,25,34
1980,63,male,45,54
1981,63,male,45,54
1982,408,male,55,64
1987,408,male,55,64
1988,408,male,45,54
1989,408,male,35,44
1990,408,male,35,44
1991,411,male,55,64
1992,408,male,35,44
1995,83,male,25,34
1996,411,male,65,
1999,410,male,11,17
2000,408,male,55,64
2001,408,male,25,34
2002,63,male,45,54
2003,63,male,18,24
2005,408,male,35,44
2028,63,male,55,64
2010,408,male,45,54
2012,408,male,35,44
2013,83,male,18,24
2016,83,male,45,54
2017,409,male,35,44
2022,69,male,35,44
2026,63,male,45,54
2032,409,male,45,54
2033,411,male,65,
2034,410,male,25,34
2038,412,male,65,
2039,409,male,25,34
2043,409,male,25,34
2044,410,male,35,44
2050,410,male,25,34
2052,408,male,25,34
2054,408,male,45,54
2058,410,male,11,17
2060,408,male,25,34
2061,63,male,18,24
2049,411,male,55,64
2051,408,male,45,54
2057,410,male,18,24
2059,408,male,25,34
2065,408,male,45,54
2053,63,male,18,24
2067,63,male,25,34
2070,409,male,25,34
2066,408,male,45,54
2072,408,male,45,54
2076,411,male,55,64
2077,408,male,35,44
2079,408,male,25,34
2080,408,male,25,34
2081,409,male,25,34
2082,408,male,45,54
2083,408,male,45,54
2084,408,male,35,44
2085,408,male,45,54
2086,409,male,25,34
2087,408,male,35,44
2088,408,male,35,44
2091,408,male,55,64
2093,408,male,35,44
2094,83,male,1,4
2095,408,male,25,34
2096,408,male,25,34
2098,411,male,55,64
2099,409,male,25,34
2100,408,male,25,34
2102,408,male,35,44
2104,412,male,65,
2107,408,male,45,54
2109,408,male,25,34
2110,63,male,35,44
2114,408,male,25,34
2116,408,male,25,34
2118,408,male,35,44
2119,411,male,55,64
2120,69,male,18,24
2122,408,male,45,54
2131,410,male,18,24
2132,408,male,45,54
2133,408,male,25,34
2134,408,male,55,64
2138,411,male,65,
2140,408,male,35,44
2142,408,male,55,64
2146,408,male,45,54
2147,408,male,45,54
2148,408,male,25,34
2149,83,male,11,17
2150,408,male,25,34
2153,83,male,25,34
2154,412,male,65,
2155,410,male,25,34
2160,408,male,55,64
2164,411,male,25,34
2171,408,male,25,34
2172,411,male,55,64
2173,408,male,25,34
2174,408,male,25,34
2175,408,male,65,
2176,408,male,65,
2177,411,male,65,
2178,408,male,65,
2180,411,male,35,44
2181,408,male,45,54
2186,411,male,65,
2187,411,male,65,
2228,408,male,45,54
2191,411,male,65,
2193,408,male,55,64
2196,408,male,25,34
2197,408,male,35,44
2199,83,male,55,64
2200,408,male,25,34
2201,410,male,18,24
2202,63,male,65,
2205,408,male,55,64
2206,408,male,65,
2207,409,male,55,64
2208,408,male,55,64
2209,408,male,55,64
2212,410,male,25,34
2213,410,male,35,44
2216,408,male,35,44
2217,408,male,35,44
2219,411,male,65,
2220,408,male,45,54
2221,408,male,55,64
2222,410,male,18,24
2223,408,male,45,54
2225,410,male,11,17
2232,83,male,18,24
2233,408,male,55,64
2234,408,male,25,34
2236,408,male,65,
2237,410,male,25,34
2238,83,male,45,54
2242,410,male,11,17
2243,69,male,55,64
2254,408,male,45,54
2248,408,male,25,34
2252,411,male,65,
2249,408,male,45,54
2251,408,male,25,34
2256,408,male,45,54
2257,409,male,25,34
2258,408,male,55,64
2259,408,male,35,44
2260,409,male,11,17
2261,69,male,25,34
2262,408,male,35,44
2265,63,male,45,54
2269,63,male,25,34
2271,408,male,18,24
2272,408,male,18,24
2273,69,male,18,24
2276,408,male,25,34
2278,69,male,0,1
2279,410,male,5,10
2281,408,male,35,44
2282,408,male,35,44
2287,69,male,35,44
2288,408,male,25,34
2290,410,male,35,44
2297,408,male,25,34
2302,411,male,55,64
2303,408,male,18,24
2305,408,male,25,34
2307,408,male,35,44
2309,63,male,35,44
2313,408,male,25,34
2319,408,male,35,44
2323,411,male,35,44
2327,408,male,18,24
2328,408,male,18,24
2331,408,male,18,24
2333,408,male,25,34
2341,409,male,25,34
2355,409,male,11,17
2358,408,male,25,34
2360,408,male,25,34
2364,409,male,35,44
2416,410,male,1,4
2366,63,male,35,44
2368,63,male,35,44
2370,409,male,35,44
2371,409,male,18,24
2375,408,male,25,34
2378,408,male,35,44
2380,408,male,35,44
2383,408,male,25,34
2384,408,male,35,44
2418,408,male,35,44
2388,69,male,18,24
2389,63,male,25,34
2393,408,male,35,44
2396,412,male,18,24
2401,410,male,1,4
2402,408,male,25,34
2404,63,male,25,34
2407,69,male,25,34
2409,408,male,35,44
2410,408,male,35,44
2420,410,male,25,34
2430,63,male,35,44
2433,408,male,25,34
2435,408,male,35,44
2437,408,male,25,34
2438,412,male,35,44
2441,411,male,65,
2445,408,male,25,34
2446,408,male,35,44
2447,408,male,25,34
2448,408,male,25,34
2454,69,male,25,34
2455,408,male,25,34
2458,411,male,65,
2459,408,male,35,44
2464,408,male,25,34
2465,408,male,25,34
2466,408,male,45,54
2467,408,male,45,54
2468,408,male,35,44
2470,408,male,18,24
2471,408,male,45,54
2472,408,male,25,34
2473,408,male,45,54
2474,408,male,45,54
2476,69,male,35,44
2477,408,male,25,34
2479,408,male,45,54
2480,408,male,35,44
2481,408,male,18,24
2482,408,male,25,34
2484,408,male,25,34
2486,408,male,45,54
2487,408,male,25,34
2489,63,male,35,44
2491,63,male,45,54
2492,408,male,45,54
2494,63,male,65,
2497,63,male,25,34
2502,408,male,25,34
2503,408,male,25,34
2504,408,male,35,44
2505,408,male,25,34
2506,408,male,25,34
2507,408,male,25,34
2508,408,male,35,44
2509,408,male,45,54
2510,408,male,35,44
2511,408,male,35,44
2512,408,male,35,44
2513,408,male,35,44
2514,408,male,35,44
2515,408,male,35,44
2517,408,male,45,54
2518,408,male,35,44
2520,408,male,45,54
2521,408,male,35,44
2522,408,male,45,54
2523,408,male,35,44
2524,408,male,25,34
2525,408,male,35,44
2526,408,male,45,54
2527,408,male,45,54
2529,408,male,35,44
2528,408,male,25,34
2530,408,male,35,44
2531,408,male,35,44
2533,408,male,35,44
2534,408,male,35,44
2535,408,male,35,44
2537,408,male,35,44
2538,408,male,35,44
2539,408,male,35,44
2540,408,male,35,44
2541,408,male,25,34
2542,408,male,25,34
2544,408,male,35,44
2545,408,male,35,44
2546,408,male,25,34
2547,408,male,35,44
2550,408,male,35,44
2551,408,male,35,44
2553,408,male,35,44
2554,408,male,35,44
2555,408,male,35,44
2556,408,male,35,44
2557,408,male,35,44
2558,408,male,35,44
2559,408,male,35,44
2560,408,male,35,44
2561,408,male,35,44
2562,408,male,35,44
2563,408,male,25,34
2565,408,male,45,54
2566,408,male,35,44
2567,408,male,35,44
2569,408,male,35,44
2570,408,male,25,34
2571,408,male,35,44
2572,408,male,35,44
2573,408,male,35,44
2574,408,male,25,34
2575,408,male,35,44
2576,408,male,25,34
2577,410,male,1,4
2578,408,male,45,54
2579,408,male,35,44
2580,408,male,35,44
2581,409,male,45,54
2582,408,male,35,44
2583,408,male,25,34
2584,408,male,25,34
2585,408,male,35,44
2586,408,male,35,44
2587,408,male,35,44
2588,408,male,35,44
2589,408,male,55,64
2590,408,male,55,64
2591,408,male,35,44
2592,408,male,35,44
2593,408,male,25,34
2594,408,male,35,44
2595,408,male,35,44
2596,408,male,35,44
2597,408,male,35,44
2598,408,male,35,44
2599,408,male,35,44
2600,408,male,35,44
2601,408,male,25,34
2602,408,male,35,44
2603,408,male,35,44
2604,408,male,45,54
2605,408,male,35,44
2606,408,male,35,44
2607,408,male,55,64
2608,408,male,35,44
2609,408,male,35,44
2610,408,male,35,44
2611,408,male,35,44
2612,408,male,35,44
2614,408,male,45,54
2615,408,male,35,44
2616,408,male,35,44
2617,408,male,35,44
2618,408,male,35,44
2619,408,male,35,44
2622,409,male,25,34
2624,408,male,35,44
2625,408,male,35,44
2630,408,male,35,44
2636,408,male,45,54
2639,408,male,35,44
2640,408,male,35,44
2623,408,male,35,44
2626,408,male,45,54
2633,408,male,45,54
2634,408,male,55,64
2637,408,male,45,54
2641,408,male,35,44
2621,408,male,45,54
2632,408,male,35,44
2642,408,male,35,44
2635,408,male,35,44
2629,408,male,35,44
2643,408,male,35,44
2645,408,male,45,54
2646,408,male,35,44
2647,408,male,35,44
2649,408,male,25,34
2650,408,male,45,54
2651,408,male,35,44
2653,408,male,35,44
2654,408,male,35,44
2655,408,male,25,34
2656,408,male,35,44
2657,408,male,35,44
2660,408,male,45,54
2661,408,male,25,34
2662,408,male,35,44
2663,408,male,25,34
2665,408,male,45,54
2666,408,male,35,44
2667,408,male,35,44
2668,408,male,35,44
2669,408,male,45,54
2670,408,male,35,44
2671,408,male,35,44
2672,408,male,45,54
2673,408,male,45,54
2675,408,male,35,44
2676,408,male,35,44
2678,408,male,35,44
2679,408,male,45,54
2680,408,male,35,44
2681,408,male,35,44
2682,408,male,35,44
2683,408,male,35,44
2684,408,male,35,44
2685,408,male,25,34
2686,408,male,35,44
2688,408,male,35,44
2692,408,male,35,44
2693,408,male,45,54
2694,408,male,35,44
2695,408,male,25,34
2696,408,male,25,34
2699,408,male,25,34
2701,408,male,45,54
2702,408,male,35,44
2704,408,male,25,34
2705,408,male,55,64
2706,408,male,55,64
2708,408,male,45,54
2709,69,male,25,34
2710,69,male,25,34
2711,408,male,35,44
2712,408,male,35,44
2713,408,male,35,44
2714,408,male,35,44
2715,408,male,35,44
2716,408,male,45,54
2717,408,male,45,54
2718,408,male,35,44
2719,408,male,45,54
2720,408,male,35,44
2722,408,male,45,54
2723,408,male,35,44
2724,408,male,35,44
2725,410,male,5,10
2727,408,male,35,44
2728,408,male,45,54
2729,408,male,45,54
2730,408,male,35,44
2732,408,male,25,34
2746,69,male,18,24
2755,408,male,55,64
2731,408,male,25,34
2735,408,male,35,44
2736,408,male,35,44
2739,408,male,35,44
2743,408,male,45,54
2744,408,male,35,44
2748,408,male,35,44
2733,408,male,25,34
2737,408,male,55,64
2741,408,male,45,54
2747,408,male,35,44
2752,408,male,35,44
2753,408,male,35,44
2754,408,male,45,54
2756,408,male,35,44
2749,408,male,45,54
2751,408,male,45,54
2740,408,male,35,44
2745,408,male,35,44
2757,408,male,35,44
2758,408,male,35,44
2760,408,male,35,44
2761,408,male,35,44
2762,408,male,45,54
2763,408,male,35,44
2764,408,male,35,44
2765,408,male,25,34
2766,408,male,45,54
2767,408,male,55,64
2769,408,male,18,24
2771,408,male,35,44
2773,408,male,35,44
2774,408,male,35,44
2775,408,male,35,44
2776,408,male,35,44
2778,408,male,35,44
2779,408,male,35,44
2780,408,male,35,44
2781,408,male,45,54
2784,408,male,35,44
2785,408,male,25,34
2786,408,male,18,24
2787,408,male,35,44
2789,411,male,25,34
2792,408,male,45,54
2793,408,male,35,44
2795,408,male,18,24
2796,408,male,25,34
2798,408,male,25,34
2800,408,male,35,44
2802,408,male,45,54
2803,408,male,35,44
2806,408,male,18,24
2807,408,male,35,44
2808,408,male,35,44
2809,408,male,55,64
2811,408,male,35,44
2812,408,male,35,44
2816,408,male,35,44
2817,408,male,35,44
2821,408,male,25,34
2823,408,male,25,34
2824,408,male,25,34
2825,408,male,25,34
2826,408,male,25,34
2829,408,male,25,34
2830,408,male,55,64
2831,408,male,55,64
2832,408,male,55,64
2833,408,male,55,64
2835,408,male,25,34
2838,408,male,35,44
2839,408,male,35,44
2840,408,male,18,24
2841,408,male,35,44
2843,408,male,25,34
2851,408,male,25,34
2860,408,male,45,54
2867,408,male,18,24
2890,83,male,25,34
2892,408,male,25,34
2909,408,male,25,34
2916,408,male,25,34
2919,408,male,35,44
2844,408,male,25,34
2849,408,male,55,64
2852,408,male,55,64
2856,408,male,35,44
2862,408,male,35,44
2863,408,male,55,64
2868,408,male,55,64
2869,408,male,55,64
2878,408,male,35,44
2900,408,male,25,34
2845,408,male,25,34
2848,408,male,25,34
2864,408,male,18,24
2896,408,male,65,
2898,408,male,65,
2903,408,male,25,34
2911,408,male,35,44
2918,408,male,18,24
2847,408,male,65,
2850,408,male,25,34
2857,408,male,35,44
2861,408,male,18,24
2865,408,male,55,64
2870,408,male,55,64
2874,408,male,25,34
2879,408,male,35,44
2880,408,male,35,44
2881,408,male,35,44
2882,83,male,11,17
2895,408,male,65,
2908,408,male,25,34
2910,408,male,25,34
2913,408,male,45,54
2855,408,male,25,34
2871,69,male,55,64
2875,408,male,25,34
2876,408,male,35,44
2889,408,male,18,24
2897,408,male,65,
2922,408,male,18,24
2923,408,male,55,64
2928,408,male,35,44
2933,408,male,35,44
2934,408,male,35,44
2938,408,male,45,54
2939,408,male,35,44
2940,408,male,45,54
2943,83,male,5,10
2944,83,male,5,10
2945,408,male,35,44
2950,408,male,45,54
2951,408,male,35,44
2958,408,male,35,44
2961,408,male,45,54
2962,408,male,35,44
2963,408,male,25,34
2964,408,male,35,44
2965,408,male,45,54
2966,408,male,35,44
2971,408,male,25,34
2978,408,male,25,34
2979,83,male,55,64
2980,408,male,25,34
2981,408,male,18,24
2992,408,male,45,54
2994,408,male,35,44
2995,408,male,18,24
2997,408,male,35,44
2998,408,male,35,44
2999,408,male,35,44
3000,408,male,25,34
3001,408,male,35,44
3004,408,male,25,34
3005,408,male,25,34
3006,408,male,45,54
3007,408,male,18,24
3008,408,male,18,24
3011,408,male,25,34
3014,408,male,25,34
3016,408,male,35,44
3020,408,male,35,44
3023,408,male,25,34
3024,408,male,55,64
3025,408,male,45,54
3026,408,male,45,54
3028,408,male,55,64
3029,408,male,18,24
3031,408,male,45,54
3032,408,male,45,54
3033,408,male,55,64
3035,408,male,18,24
3037,408,male,25,34
3038,408,male,25,34
3040,408,male,25,34
3041,408,male,18,24
3054,408,male,25,34
3057,408,male,35,44
3061,408,male,25,34
3066,408,male,45,54
3069,408,male,45,54
3070,408,male,25,34
3071,408,male,45,54
3072,408,male,18,24
3073,408,male,18,24
3075,408,male,25,34
3078,63,male,25,34
3082,408,male,55,64
3084,408,male,25,34
3086,408,male,25,34
3088,408,male,18,24
3097,408,male,45,54
3090,408,male,25,34
3092,408,male,25,34
3099,408,male,45,54
3093,408,male,25,34
3096,408,male,45,54
3098,408,male,35,44
3101,408,male,55,64
3102,408,male,25,34
3103,408,male,25,34
3105,408,male,35,44
3107,408,male,45,54
3109,408,male,25,34
3121,408,male,55,64
3126,408,male,35,44
3130,408,male,35,44
3131,408,male,25,34
3132,408,male,18,24
3133,408,male,25,34
3134,408,male,35,44
3135,408,male,25,34
3136,408,male,18,24
3141,408,male,18,24
3142,408,male,55,64
3146,408,male,25,34
3147,408,male,18,24
3149,408,male,35,44
3150,408,male,18,24
3151,408,male,25,34
3152,408,male,25,34
3153,408,male,25,34
3154,408,male,18,24
3156,408,male,55,64
3158,408,male,35,44
3161,69,male,55,64
3164,408,male,25,34
3166,408,male,25,34
3168,408,male,18,24
3170,408,male,35,44
3174,408,male,25,34
3176,408,male,55,64
3177,408,male,18,24
3181,408,male,35,44
3184,408,male,18,24
3190,408,male,18,24
3195,408,male,25,34
3196,408,male,25,34
3188,408,male,18,24
3191,408,male,25,34
3204,408,male,25,34
3192,408,male,25,34
3194,408,male,25,34
3206,408,male,25,34
3198,408,male,25,34
3199,408,male,35,44
3211,408,male,35,44
3212,408,male,35,44
3200,408,male,35,44
3213,408,male,25,34
3217,408,male,65,
3218,408,male,65,
3219,408,male,25,34
3227,408,male,65,
3229,408,male,25,34
3232,408,male,18,24
3233,408,male,25,34
3234,408,male,35,44
3238,408,male,25,34
3239,408,male,35,44
3286,408,male,45,54
3243,408,male,45,54
3244,408,male,35,44
3245,408,male,45,54
3247,408,male,45,54
3248,408,male,25,34
3250,409,male,18,24
3251,408,male,65,
3260,408,male,25,34
3264,83,male,25,34
3266,408,male,45,54
3268,408,male,25,34
3269,408,male,35,44
3271,408,male,25,34
3276,408,male,25,34
3279,408,male,35,44
3280,408,male,25,34
3281,408,male,45,54
3282,408,male,18,24
3284,408,male,35,44
3285,408,male,25,34
3287,408,male,35,44
3288,408,male,25,34
3292,408,male,25,34
3294,408,male,55,64
3297,408,male,18,24
3298,408,male,25,34
3311,408,male,18,24
3316,408,male,25,34
3323,408,male,45,54
3325,408,male,45,54
3309,408,male,45,54
3313,408,male,25,34
3318,408,male,25,34
3322,408,male,55,64
3308,409,male,25,34
3330,408,male,55,64
3332,408,male,25,34
3333,408,male,25,34
3337,408,male,55,64
3339,69,male,35,44
3340,408,male,18,24
3341,408,male,18,24
3345,408,male,45,54
3349,408,male,25,34
3351,408,male,18,24
3352,409,male,18,24
3357,408,male,35,44
3359,408,male,18,24
3361,408,male,65,
3362,408,male,35,44
3363,408,male,25,34
3364,408,male,18,24
3365,408,male,45,54
3366,83,male,35,44
3368,408,male,45,54
3370,408,male,18,24
3371,408,male,35,44
3375,408,male,55,64
3378,69,male,0,1
3379,408,male,25,34
3382,408,male,35,44
3388,408,male,45,54
3389,69,male,45,54
3391,408,male,35,44
3395,408,male,25,34
3396,408,male,45,54
3404,408,male,35,44
3408,408,male,25,34
3411,408,male,18,24
3412,408,male,25,34
3413,408,male,18,24
3414,63,male,25,34
3417,408,male,25,34
3428,408,male,35,44
3431,408,male,18,24
3424,408,male,11,17
3435,69,male,11,17
3430,408,male,18,24
3439,408,male,45,54
3441,408,male,25,34
3444,408,male,55,64
3446,408,male,25,34
3447,408,male,45,54
3450,408,male,55,64
3451,408,male,55,64
3453,408,male,45,54
3454,408,male,45,54
3456,83,male,25,34
3457,408,male,45,54
3459,408,male,55,64
3465,408,male,25,34
3466,408,male,25,34
3467,408,male,25,34
3469,408,male,45,54
3471,408,male,18,24
3472,408,male,18,24
3475,408,male,35,44
3478,408,male,25,34
3479,408,male,45,54
3485,408,male,25,34
3489,408,male,35,44
3491,408,male,25,34
3492,408,male,35,44
3493,408,male,45,54
3494,408,male,45,54
3495,408,male,45,54
3498,408,male,18,24
3504,408,male,18,24
3505,408,male,18,24
3511,408,male,45,54
3512,408,male,45,54
3513,408,male,45,54
3515,63,male,25,34
3518,408,male,45,54
3519,83,male,35,44
3520,408,male,45,54
3523,408,male,35,44
3527,408,male,25,34
3529,408,male,25,34
3532,408,male,25,34
3537,408,male,45,54
3540,408,male,25,34
3542,408,male,18,24
3543,408,male,45,54
3545,408,male,25,34
3546,408,male,55,64
3547,408,male,18,24
3548,408,male,45,54
3549,408,male,18,24
3552,408,male,25,34
3554,408,male,45,54
3556,408,male,25,34
3557,408,male,45,54
3559,408,male,55,64
3560,408,male,25,34
3561,408,male,35,44
3566,408,male,25,34
3567,408,male,35,44
3570,408,male,45,54
3572,408,male,45,54
3573,408,male,45,54
3575,408,male,55,64
3578,408,male,35,44
3579,408,male,45,54
3580,408,male,11,17
3581,408,male,45,54
3583,408,male,25,34
3584,408,male,45,54
3585,408,male,65,
3586,408,male,25,34
3587,408,male,45,54
3588,408,male,25,34
3591,408,male,35,44
3592,408,male,25,34
3593,408,male,18,24
3594,408,male,18,24
3596,408,male,25,34
3599,408,male,25,34
3600,408,male,35,44
3601,408,male,35,44
3602,408,male,25,34
3603,408,male,18,24
3604,408,male,25,34
3605,408,male,25,34
3607,408,male,18,24
3608,408,male,35,44
3609,408,male,45,54
3610,408,male,25,34
3611,408,male,65,
3614,408,male,65,
3615,408,male,25,34
3617,408,male,25,34
3619,408,male,25,34
3620,408,male,35,44
3621,408,male,35,44
3622,408,male,25,34
3624,408,male,35,44
3625,408,male,35,44
3628,408,male,35,44
3629,83,male,18,24
3631,408,male,25,34
3632,408,male,25,34
3633,408,male,25,34
3635,408,male,35,44
3636,408,male,35,44
3638,408,male,25,34
3639,408,male,25,34
3643,408,male,18,24
3646,408,male,35,44
3648,408,male,18,24
3651,408,male,35,44
3652,408,male,55,64
3653,408,male,55,64
3657,408,male,18,24
3659,408,male,25,34
3661,408,male,45,54
3663,408,male,25,34
3664,411,male,55,64
3665,408,male,25,34
3666,408,male,45,54
3667,408,male,45,54
3672,63,male,35,44
3677,408,male,55,64
3678,408,male,55,64
3679,408,male,18,24
3680,408,male,25,34
3681,408,male,18,24
3683,408,male,25,34
3688,408,male,25,34
3690,408,male,25,34
3691,408,male,25,34
3693,408,male,55,64
3694,408,male,45,54
3695,408,male,45,54
3696,408,male,45,54
3697,408,male,45,54
3698,408,male,55,64
3700,408,male,35,44
3701,408,male,25,34
3704,408,male,25,34
3708,408,male,45,54
3719,408,male,18,24
3702,408,male,45,54
3703,408,male,25,34
3709,69,male,0,1
3715,83,male,45,54
3716,408,male,25,34
3718,408,male,18,24
3723,408,male,25,34
3705,408,male,35,44
3712,408,male,25,34
3713,408,male,25,34
3720,408,male,25,34
3726,408,male,45,54
3731,408,male,45,54
3732,408,male,45,54
3734,408,male,18,24
3735,408,male,25,34
3736,408,male,25,34
3739,408,male,35,44
3740,408,male,25,34
3741,408,male,25,34
3742,408,male,18,24
3744,408,male,35,44
3745,410,male,11,17
3746,408,male,35,44
3747,408,male,35,44
3748,408,male,25,34
3749,408,male,25,34
3750,408,male,45,54
3751,408,male,25,34
3753,408,male,45,54
3755,408,male,35,44
3756,408,male,35,44
3757,408,male,45,54
3758,411,male,55,64
3759,408,male,65,
3760,408,male,65,
3761,69,male,25,34
3762,408,male,18,24
3763,408,male,18,24
3765,408,male,18,24
3767,410,male,5,10
3768,408,male,35,44
3769,408,male,25,34
3770,411,male,55,64
3772,69,male,25,34
3774,69,male,25,34
3775,408,male,35,44
3777,408,male,25,34
3780,408,male,45,54
3782,408,male,18,24
3784,408,male,45,54
3785,408,male,25,34
3787,408,male,18,24
3788,408,male,25,34
3790,408,male,55,64
3791,408,male,18,24
3792,408,male,18,24
3793,63,male,18,24
3794,408,male,25,34
3795,408,male,45,54
3796,408,male,45,54
3797,408,male,25,34
3799,408,male,45,54
3800,408,male,25,34
3801,408,male,25,34
3803,408,male,18,24
3804,408,male,25,34
3810,408,male,25,34
3813,408,male,25,34
3825,408,male,25,34
3826,408,male,45,54
3818,408,male,25,34
3822,408,male,45,54
3823,408,male,18,24
3827,408,male,45,54
3814,408,male,45,54
3817,69,male,25,34
3829,408,male,25,34
3816,408,male,18,24
3824,408,male,45,54
3832,408,male,45,54
3833,408,male,25,34
3834,408,male,18,24
3836,408,male,35,44
3837,408,male,25,34
3842,408,male,25,34
3844,408,male,45,54
3850,408,male,45,54
3852,408,male,25,34
3853,408,male,18,24
3855,69,male,45,54
3856,408,male,25,34
3859,408,male,35,44
3860,408,male,35,44
3862,408,male,25,34
3863,408,male,25,34
3864,408,male,25,34
3871,408,male,25,34
3873,408,male,35,44
3876,408,male,25,34
3877,408,male,35,44
3879,408,male,25,34
3880,408,male,35,44
3881,408,male,25,34
3890,411,male,55,64
3891,69,male,0,1
3896,408,male,55,64
3897,408,male,25,34
3898,408,male,45,54
3899,408,male,18,24
3901,408,male,45,54
3902,408,male,35,44
3903,408,male,25,34
3904,69,male,25,34
3906,408,male,25,34
3910,408,male,25,34
3911,408,male,35,44
3914,409,male,35,44
3916,408,male,35,44
3928,408,male,35,44
3919,408,male,35,44
3923,408,male,25,34
3920,408,male,35,44
3922,408,male,25,34
3934,63,male,25,34
3935,408,male,45,54
3938,408,male,35,44
3945,408,male,25,34
3951,408,male,18,24
3952,69,male,1,4
3959,408,male,25,34
3964,409,male,55,64
3968,408,male,45,54
3974,410,male,11,17
3978,408,male,25,34
3980,83,male,5,10
3984,411,male,45,54
3985,411,male,45,54
3986,69,male,25,34
3987,69,male,25,34
3989,411,male,25,34
3994,411,male,45,54
3995,408,male,25,34
3997,408,male,35,44
4001,408,male,25,34
4005,412,male,65,
4006,69,male,35,44
4007,408,male,35,44
4010,408,male,25,34
4011,412,male,45,54
4013,63,male,25,34
4015,408,male,25,34
4018,409,male,45,54
4020,408,male,35,44
4023,69,male,35,44
4026,412,male,65,
4027,408,male,65,
4028,412,male,65,
4030,408,male,35,44
4022,69,male,35,44
4025,412,male,65,
4031,408,male,25,34
4033,408,male,25,34
4034,408,male,25,34
4035,69,male,0,1
4036,409,male,35,44
4038,408,male,35,44
4040,408,male,35,44
4041,410,male,35,44
4043,408,male,25,34
4044,63,male,35,44
4052,408,male,35,44
4055,408,male,25,34
4057,408,male,25,34
4059,409,male,18,24
4062,69,male,25,34
4063,408,male,25,34
4066,408,male,55,64
4067,411,male,11,17
4068,408,male,35,44
4069,412,male,35,44
4070,69,male,25,34
4075,63,male,35,44
4076,69,male,25,34
4080,411,male,55,64
4081,408,male,45,54
4082,63,male,25,34
4083,410,male,18,24
4084,83,male,35,44
4086,63,male,18,24
4087,408,male,25,34
4091,408,male,35,44
4092,408,male,35,44
4093,63,male,25,34
4096,408,male,45,54
4100,410,male,25,34
4102,408,male,25,34
4103,408,male,25,34
4104,412,male,45,54
4106,409,male,45,54
4110,408,male,35,44
4111,408,male,25,34
4114,408,male,35,44
4116,411,male,55,64
4117,412,male,35,44
4120,408,male,25,34
4121,408,male,5,10
4123,408,male,35,44
4125,63,male,25,34
4126,408,male,35,44
4128,408,male,35,44
4130,408,male,25,34
4134,408,male,45,54
4135,63,male,11,17
4140,410,male,45,54
4142,411,male,18,24
4143,408,male,25,34
4145,83,male,25,34
4146,411,male,25,34
4148,63,male,35,44
4149,408,male,18,24
4150,410,male,35,44
4152,411,male,55,64
4154,69,male,25,34
4155,408,male,25,34
4156,412,male,35,44
4157,409,male,25,34
4159,408,male,18,24
4161,69,male,18,24
4164,408,male,25,34
4166,409,male,35,44
4169,410,male,5,10
4170,410,male,5,10
4171,408,male,25,34
4173,408,male,25,34
4174,411,male,55,64
4175,411,male,25,34
4177,63,male,35,44
4179,408,male,35,44
4181,408,male,35,44
4182,408,male,25,34
4184,408,male,18,24
4185,408,male,25,34
4186,408,male,25,34
4188,408,male,25,34
4190,63,male,25,34
4193,410,male,18,24
4194,408,male,25,34
4198,410,male,11,17
4200,63,male,35,44
4201,408,male,55,64
4217,408,male,35,44
4211,411,male,45,54
4206,411,male,55,64
4209,408,male,18,24
4218,69,male,35,44
4220,83,male,25,34
4228,69,male,25,34
4231,69,male,45,54
4232,411,male,55,64
4233,408,male,25,34
4239,69,male,25,34
4240,63,male,18,24
4241,83,male,25,34
4244,409,male,35,44
4245,63,male,25,34
4249,408,male,25,34
4250,409,male,45,54
4253,411,male,65,
4254,408,male,18,24
4257,408,male,35,44
4259,408,male,25,34
4261,69,male,25,34
4263,408,male,35,44
4271,411,male,65,
4277,408,male,25,34
4280,408,male,11,17
4281,408,male,11,17
4282,411,male,55,64
4288,408,male,25,34
4289,411,male,11,17
4292,408,male,25,34
4297,409,male,25,34
4301,412,male,25,34
4303,63,male,35,44
4304,69,male,35,44
4305,63,male,35,44
4306,83,male,35,44
4310,411,male,65,
4309,408,male,18,24
4314,410,male,18,24
4317,409,male,18,24
4318,411,male,18,24
4319,69,male,35,44
4326,63,male,18,24
4332,411,male,55,64
4341,408,male,25,34
4343,408,male,25,34
4345,408,male,25,34
4349,408,male,45,54
4350,408,male,25,34
4353,411,male,65,
4356,411,male,65,
4357,412,male,65,
4359,409,male,35,44
4360,63,male,18,24
4364,408,male,25,34
4367,69,male,45,54
4369,63,male,35,44
4372,408,male,25,34
4374,408,male,25,34
4389,408,male,25,34
4390,69,male,25,34
4391,408,male,35,44
4392,408,male,45,54
4395,408,male,45,54
4401,411,male,65,
4402,69,male,35,44
4403,408,male,25,34
4404,408,male,25,34
4405,409,male,35,44
4410,83,male,25,34
4411,408,male,45,54
4416,409,male,25,34
4419,408,male,18,24
4423,408,male,35,44
4424,408,male,35,44
4425,408,male,35,44
4426,408,male,35,44
4429,408,male,45,54
4436,408,male,25,34
4439,408,male,35,44
4440,408,male,25,34
4448,408,male,25,34
4461,408,male,25,34
4462,408,male,35,44
4465,408,male,35,44
4467,412,male,18,24
4468,63,male,25,34
4470,408,male,25,34
4472,408,male,35,44
4477,408,male,25,34
4479,69,male,25,34
4480,69,male,25,34
4492,409,male,25,34
4493,69,male,25,34
4497,408,male,25,34
4498,412,male,35,44
4501,411,male,18,24
4503,408,male,25,34
4504,63,male,18,24
4506,408,male,18,24
4511,408,male,25,34
4515,409,male,18,24
4516,409,male,18,24
4519,408,male,35,44
4524,408,male,35,44
4526,408,male,35,44
4527,408,male,25,34
4528,408,male,35,44
4530,409,male,25,34
4531,69,male,25,34
4541,408,male,25,34
4542,408,male,35,44
4543,412,male,65,
4549,408,male,25,34
4563,410,male,5,10
4569,63,male,25,34
4571,410,male,11,17
4580,408,male,25,34
4581,83,male,25,34
4586,69,male,35,44
4598,69,male,35,44
4600,408,male,25,34
4601,409,male,18,24
4602,69,male,25,34
4609,408,male,18,24
4610,411,male,65,
4617,408,male,35,44
4620,408,male,45,54
4622,408,male,35,44
4627,409,male,25,34
4633,408,male,25,34
4634,408,male,25,34
4635,408,male,25,34
4637,411,male,35,44
4641,408,male,0,1
4642,408,male,25,34
4645,410,male,1,4
4646,408,male,25,34
4647,409,male,25,34
4648,410,male,5,10
4651,412,male,25,34
4652,408,male,65,
4656,411,male,65,
4660,63,male,35,44
4662,409,male,25,34
4670,408,male,35,44
4676,411,male,55,64
4679,408,male,35,44
4680,63,male,35,44
4687,63,male,25,34
4691,408,male,25,34
4693,408,male,35,44
4699,410,male,18,24
4701,410,male,18,24
4705,412,male,55,64
4707,411,male,18,24
4711,83,male,5,10
4712,408,male,25,34
4714,408,male,55,64
4716,408,male,55,64
4727,411,male,45,54
4732,408,male,45,54
4749,411,male,55,64
4758,408,male,25,34
4761,408,male,35,44
4762,83,male,25,34
4765,69,male,25,34
4768,408,male,35,44
4772,69,male,25,34
4774,411,male,55,64
4775,410,male,18,24
4778,411,male,65,
4786,408,male,35,44
4793,408,male,35,44
4794,408,male,25,34
4796,410,male,25,34
4803,410,male,25,34
4804,410,male,25,34
4805,410,male,25,34
4807,408,male,25,34
4808,408,male,35,44
4810,411,male,45,54
4814,408,male,25,34
4818,69,male,35,44
4819,411,male,55,64
4823,408,male,35,44
4824,63,male,25,34
4827,408,male,35,44
4831,411,male,45,54
4834,411,male,45,54
4835,411,male,65,
4836,408,male,18,24
4837,411,male,45,54
4840,409,male,45,54
4844,408,male,55,64
4846,408,male,35,44
4855,411,male,55,64
4856,411,male,45,54
4860,408,male,25,34
4861,63,male,25,34
4863,408,male,55,64
4865,69,male,35,44
4866,63,male,35,44
4868,408,male,35,44
4869,408,male,35,44
4870,408,male,35,44
4871,408,male,35,44
4872,408,male,35,44
4873,408,male,35,44
4875,408,male,35,44
4878,408,male,35,44
4879,408,male,35,44
4880,408,male,25,34
4881,408,male,35,44
4882,408,male,25,34
4883,408,male,35,44
4884,408,male,35,44
4885,83,male,18,24
4886,408,male,45,54
4891,408,male,35,44
4902,408,male,35,44
4905,408,male,25,34
4906,69,male,25,34
4908,69,male,18,24
4909,69,male,25,34
4910,411,male,55,64
4911,63,male,35,44
4915,411,male,55,64
4916,69,male,18,24
4918,411,male,65,
4919,411,male,55,64
4924,408,male,45,54
4926,409,male,11,17
4928,408,male,45,54
4929,408,male,35,44
4932,408,male,35,44
4933,411,male,35,44
4935,408,male,35,44
4937,409,male,25,34
4938,63,male,25,34
4939,409,male,25,34
4942,411,male,55,64
4943,408,male,25,34
4945,408,male,18,24
4946,63,male,25,34
4947,408,male,35,44
4948,411,male,55,64
4950,69,male,35,44
4959,408,male,55,64
4961,410,male,18,24
4963,69,male,25,34
4964,69,male,25,34
4965,411,male,55,64
4968,411,male,65,
4969,410,male,5,10
4970,409,male,18,24
4976,408,male,35,44
5002,408,male,45,54
4983,411,male,55,64
4984,408,male,25,34
4986,409,male,25,34
4987,411,male,65,
4988,411,male,55,64
4992,411,male,25,34
4996,408,male,25,34
4997,63,male,25,34
4999,408,male,25,34
5001,408,male,25,34
5003,408,male,25,34
5004,411,male,55,64
5005,408,male,35,44
5006,408,male,25,34
5007,408,male,35,44
5008,408,male,25,34
5009,411,male,45,54
5010,408,male,25,34
5013,408,male,35,44
5014,411,male,25,34
5017,408,male,25,34
5020,408,male,25,34
5021,411,male,25,34
5022,411,male,55,64
5027,408,male,35,44
5028,408,male,35,44
5029,408,male,25,34
5030,408,male,35,44
5033,408,male,35,44
5024,411,male,55,64
5025,408,male,35,44
5026,411,male,35,44
5032,408,male,35,44
5035,408,male,35,44
5037,408,male,25,34
5040,411,male,45,54
5041,408,male,55,64
5045,408,male,35,44
5046,411,male,65,
5050,408,male,25,34
5051,408,male,25,34
5053,408,male,35,44
5056,408,male,35,44
5058,411,male,55,64
5060,408,male,25,34
5062,408,male,35,44
5064,83,male,5,10
5065,411,male,55,64
5067,408,male,35,44
5068,410,male,65,
5069,411,male,45,54
5072,408,male,25,34
5074,409,male,35,44
5076,408,male,35,44
5077,408,male,25,34
5078,408,male,35,44
5080,410,male,18,24
678,408,male,35,44
822,408,male,25,34
850,408,male,35,44
896,408,male,35,44
939,411,male,65,
952,410,male,11,17
1023,408,male,45,54
1085,408,male,35,44
1139,408,male,25,34
1175,69,male,35,44
1340,410,male,5,10
1345,408,male,25,34
1352,83,male,25,34
1396,63,male,45,54
1397,63,male,45,54
1424,408,male,35,44
1425,408,male,18,24
1508,408,male,25,34
1719,410,male,18,24
1806,408,male,25,34
1889,408,male,35,44
1912,408,male,25,34
1963,410,male,25,34
1964,408,male,45,54
2074,69,male,25,34
2097,409,male,25,34
2113,409,male,25,34
2121,408,male,55,64
2227,408,male,65,
2161,408,male,45,54
2190,409,male,35,44
2241,408,male,25,34
2253,408,male,25,34
2255,408,male,55,64
5011,412,non-binary,25,34